BEGIN;

-- LIMPAR DADOS ANTERIORES
DELETE FROM detalhamentos WHERE tarefa_id IN (SELECT t.id FROM tarefas t JOIN grupos_macro gm ON t.grupo_macro_id=gm.id WHERE gm.contrato_id='aaaaaaaa-aaaa-aaaa-aaaa-aaaaaaaaaaaa');
DELETE FROM tarefas WHERE grupo_macro_id IN (SELECT id FROM grupos_macro WHERE contrato_id='aaaaaaaa-aaaa-aaaa-aaaa-aaaaaaaaaaaa');
DELETE FROM grupos_macro WHERE contrato_id='aaaaaaaa-aaaa-aaaa-aaaa-aaaaaaaaaaaa';

-- ATUALIZAR CONTRATO
UPDATE contratos SET numero='WAVE-2025-001',descricao='Contrato de Instalações - Empreendimento WAVE',tipo='percentual_servico_material',valor_total=18000000.00,valor_servicos=6700000.00,valor_material_direto=11300000.00,data_inicio='2026-04-01',data_fim='2027-10-31',local_obra='São Paulo - SP',fiscal_obra='Eng. Responsável FIP' WHERE id='aaaaaaaa-aaaa-aaaa-aaaa-aaaaaaaaaaaa';

-- 18 GRUPOS MACRO
INSERT INTO grupos_macro(id,contrato_id,codigo,nome,tipo_medicao,valor_contratado,ordem) VALUES
('5e18da9c-8fbe-541e-827b-ce0c71c46cfb','aaaaaaaa-aaaa-aaaa-aaaa-aaaaaaaaaaaa','1.0','ELÉTRICA SUBESTAÇÃO','misto',976005.27,1),('9e575072-9b8a-5959-bcaa-8612f2817cfb','aaaaaaaa-aaaa-aaaa-aaaa-aaaaaaaaaaaa','2.0','GERAÇÃO','misto',1834456.23,2),('a8ceb338-8cd9-540d-a640-1424913e477e','aaaaaaaa-aaaa-aaaa-aaaa-aaaaaaaaaaaa','3.0','ALIMENTAÇÃO ELÉTRICA','misto',2535013.12,3),('9d494a19-f3dc-5442-a2fc-da97f9902649','aaaaaaaa-aaaa-aaaa-aaaa-aaaaaaaaaaaa','4.0','DISTRIBUIÇÃO ELÉTRICA','misto',987896.02,4),('dd7418ad-f659-52d6-873f-479dc672f56d','aaaaaaaa-aaaa-aaaa-aaaa-aaaaaaaaaaaa','5.0','LUMINÁRIAS','servico',287273.52,5),('4bda840c-cfe2-5265-941d-3579e8e57fbb','aaaaaaaa-aaaa-aaaa-aaaa-aaaaaaaaaaaa','6.0','QUADROS ELÉTRICOS','misto',973939.07,6),('13cad5b3-b0e5-5b00-977d-c8898df703d1','aaaaaaaa-aaaa-aaaa-aaaa-aaaaaaaaaaaa','7.0','LÓGICA (DADOS E VOZ) - INFRA SECA','misto',277801.37,7),('210b8abe-6171-546b-b0e2-48c9a7875ce0','aaaaaaaa-aaaa-aaaa-aaaa-aaaaaaaaaaaa','8.0','ÁGUA PLUVIAL','misto',1429014.84,8),('bf1ac326-3830-545a-8b12-7c8e69f65b05','aaaaaaaa-aaaa-aaaa-aaaa-aaaaaaaaaaaa','9.0','ESGOTO','misto',1898133.76,9),('6803e031-3218-5d16-baee-506e194295f5','aaaaaaaa-aaaa-aaaa-aaaa-aaaaaaaaaaaa','10.0','HIDRÁULICA','misto',2852340.51,10),('ebed356e-ec28-55a5-b6b4-f4ebee3078c4','aaaaaaaa-aaaa-aaaa-aaaa-aaaaaaaaaaaa','12.0','PISCINA E SPA','misto',128774.75,11),('b9c89074-3aa7-5836-9b87-b53afbd753c7','aaaaaaaa-aaaa-aaaa-aaaa-aaaaaaaaaaaa','13.0','LOUÇAS E METAIS','misto',126287.59,12),('34917ab8-8f72-526b-99ac-b7c8c01f974d','aaaaaaaa-aaaa-aaaa-aaaa-aaaaaaaaaaaa','14.0','COMBATE AO INCÊNDIO','misto',1682329.71,13),('968a2019-5560-5969-895e-ca107572c268','aaaaaaaa-aaaa-aaaa-aaaa-aaaaaaaaaaaa','15.0','EXTINTOR E SINALIZAÇÃO','misto',150468.34,14),('4b16df11-98e8-5337-97e3-6572179bbbe8','aaaaaaaa-aaaa-aaaa-aaaa-aaaaaaaaaaaa','16.0','SISTEMA DE DETECÇÃO E ALARME DE INCÊNDIO (SDAI)','misto',402774.19,15),('4996679b-1f15-5aaa-81f0-b5cc49a883a5','aaaaaaaa-aaaa-aaaa-aaaa-aaaaaaaaaaaa','17.0','GÁS','misto',255566.85,16),('bef7d1b5-f6c7-54d0-9d35-4b9c0201b7ee','aaaaaaaa-aaaa-aaaa-aaaa-aaaaaaaaaaaa','18.0','SISTEMA DE PROTEÇÃO CONTRA DESCARGA ATMOSFÉRICA','misto',335924.86,17),('8177b8e3-f013-5519-a9ed-c8b5c5bd326c','aaaaaaaa-aaaa-aaaa-aaaa-aaaaaaaaaaaa','19.0','SERVIÇOS COMPLEMENTARES','faturamento_direto',866000.0,18);

-- 51 TAREFAS
INSERT INTO tarefas(id,grupo_macro_id,codigo,nome,unidade,quantidade_contratada,valor_unitario,valor_total,ordem) VALUES
('f633a8ac-3b28-5fac-b6f7-f7adb0e5d341','5e18da9c-8fbe-541e-827b-ce0c71c46cfb','1.1','ENTRADA DE ENERGIA - INFRAESTRUTURA ( Poste ao PMT )','VB',1.000,30747.78,30747.78,1),('4888a5b4-7dc1-5dd8-8544-f7c46994bdb4','5e18da9c-8fbe-541e-827b-ce0c71c46cfb','1.2','ENTRADA DE ENERGIA - CABEAMENTO MÉDIA ( Poste ao PMT  )','VB',1.000,8895.41,8895.41,2),('6b9748b0-0145-5f66-96c5-26d1a2c65905','5e18da9c-8fbe-541e-827b-ce0c71c46cfb','1.3','ENTRADA DE ENERGIA - EQUIPAMENTOS( Painel de Média Tensão  )','VB',1.000,348931.39,348931.39,3),('2585948c-42e9-5cf4-a1e8-1e456615c081','5e18da9c-8fbe-541e-827b-ce0c71c46cfb','1.4','SUBESTAÇÃO PMUC - INFRAESTRUTURA ( PMT até Subestação PMUC + Trafo ao CPG)','VB',1.000,26909.52,26909.52,4),('7161a30e-4d1c-53aa-8318-63681d624fd6','5e18da9c-8fbe-541e-827b-ce0c71c46cfb','1.5','SUBESTAÇÃO PMUC - CABEAMENTO MÉDIA ( PMT até Subestação PMUC )','VB',1.000,20114.28,20114.28,5),('fe997abf-c3ea-5f07-8d9a-475aebda2d25','5e18da9c-8fbe-541e-827b-ce0c71c46cfb','1.6','SUBESTAÇÃO PMUC - EQUIPAMENTO ( Tranformadores e fechamentos )','VB',1.000,159374.24,159374.24,6),('a117d576-bf97-5503-a772-a3e4357d3cb8','5e18da9c-8fbe-541e-827b-ce0c71c46cfb','1.7','SUBESTAÇÃO PMUC - CABEAMENTO BAIXA TENSÃO ( Transformadores aos CPG''s )','VB',1.000,54905.38,54905.38,7),('5e7bee6c-6b3c-5e08-81e8-621bb8df65af','5e18da9c-8fbe-541e-827b-ce0c71c46cfb','1.8','SUBESTAÇÃO PMUC - QUADROS ( CPG''s )','VB',1.000,124927.76,124927.76,8),('4a9a0776-8362-5d68-acf5-70d616e17649','5e18da9c-8fbe-541e-827b-ce0c71c46cfb','1.9','SUBESTAÇÃO GRUPO A  - INFRAESTRUTURA ( PMT até Subestação GRUPO A  )','VB',1.000,23906.86,23906.86,9),('13b23fde-2aa0-5182-a794-49d72d9ce206','5e18da9c-8fbe-541e-827b-ce0c71c46cfb','1.10','SUBESTAÇÃO GRUPO A  - CABEAMENTO MÉDIA ( PMT até Subestação GRUPO A  )','VB',1.000,10610.25,10610.25,10),('e76e13f1-1914-5102-8642-3d7b96117b73','5e18da9c-8fbe-541e-827b-ce0c71c46cfb','1.11','SUBESTAÇÃO GRUPO A  - EQUIPAMENTO ( Tranformador e fechamentos )','VB',1.000,77888.6,77888.6,11),('2f5d93f3-9c8e-51f2-bcfe-8b0e63718a36','5e18da9c-8fbe-541e-827b-ce0c71c46cfb','1.12','SUBESTAÇÃO GRUPO A  - CABEAMENTO BAIXA TENSÃO ( Transformadores aos CPG'')','VB',1.000,27452.69,27452.69,12),('7fc437e0-520c-5a2d-a710-11782a2ec37d','5e18da9c-8fbe-541e-827b-ce0c71c46cfb','1.13','SUBESTAÇÃO GRUPO A  - QUADROS ( CPG )','VB',1.000,35721.44,35721.44,13),('9703bb7f-6f9c-53c3-b559-3fe7c7599d39','5e18da9c-8fbe-541e-827b-ce0c71c46cfb','1.14','ENTRADA / SE PMUC / SE GRUPO A  - ATERRAMENTO ( Haste + Cabeamento + Fechamentos  )','VB',1.000,25619.67,25619.67,14),('5add1039-d180-5ff0-abf9-22877c669cad','9e575072-9b8a-5959-bcaa-8612f2817cfb','2.1','GRUPO GERADOR PMUC  - EQUIPAMENTO ( Gerador 500 Kva + Escapamento )','VB',1.000,446509.17,446509.17,15),('6a3eee1a-31f8-54c6-a658-7de57dd057f9','9e575072-9b8a-5959-bcaa-8612f2817cfb','2.2','GRUPO GERADOR PMUC  - PAINEIS (  QTA''s + Quadros reversão )','VB',1.000,389851.3,389851.3,16),('a7ad0ef7-bfc6-5934-b4ad-85d9da2acbde','9e575072-9b8a-5959-bcaa-8612f2817cfb','2.3','GRUPO GERADOR PMUC  - INFRAESTRUTURA  (  Eletrodutos )','VB',1.000,60941.78,60941.78,17),('6e893673-c1c0-5887-aea4-6250969dfac4','9e575072-9b8a-5959-bcaa-8612f2817cfb','2.4','GRUPO GERADOR PMUC  - CABEAMENTO BAIXA TENSÃO + COMANDO','VB',1.000,144019.27,144019.27,18),('d744e91d-8718-5608-82bd-4df3395e42a9','9e575072-9b8a-5959-bcaa-8612f2817cfb','2.5','GRUPO GERADOR CONDOMINIO  - EQUIPAMENTO ( Gerador 500 Kva + Escapamento )','VB',1.000,431053.37,431053.37,19),('644b8ce8-8d45-5fd0-ba4c-73208a0c11b9','9e575072-9b8a-5959-bcaa-8612f2817cfb','2.6','GRUPO GERADOR CONDOMINIO  - PAINEIS (  QTA EMERG + QTA QDC + QDG GERADOR )','VB',1.000,113013.61,113013.61,20),('68f25f10-01c8-500b-969f-ad47e0a130b5','9e575072-9b8a-5959-bcaa-8612f2817cfb','2.7','GRUPO GERADOR CONDOMINIO  - INFRAESTRUTURA  (  Eletrodutos )','VB',1.000,63561.89,63561.89,21),('cc31e44a-5b56-5f64-876a-65d95a065990','9e575072-9b8a-5959-bcaa-8612f2817cfb','2.8','GRUPO GERADOR CONDOMINIO  - CABEAMENTO BAIXA TENSÃO + COMANDO','VB',1.000,175705.28,175705.28,22),('6efb97e5-855e-5be6-8b04-8a40d4cdb104','9e575072-9b8a-5959-bcaa-8612f2817cfb','2.9','GRUPO GERADOR PMUC + CONDOMINIO  - ATERRAMENTO','VB',1.000,9800.56,9800.56,23),('8c5ae9f4-8d20-59f4-b5f4-a3ad04887a05','a8ceb338-8cd9-540d-a640-1424913e477e','3.1','INFRAESTRUTURA -  ALIMENTAÇÃO ELÉTRICA ( Eletrocalhas,Eletrodutos, caixas )','VB',1.000,741426.01,741426.01,24),('b42bda49-c588-564b-9074-1548d573683f','a8ceb338-8cd9-540d-a640-1424913e477e','3.2','CABEAMENTO- ALIMENTAÇÃO ELÉTRICA ( CABOS ATOX 1KV )','VB',1.000,1793587.11,1793587.11,25),('a0a1ab5c-0d5c-5e46-8348-03191edd3e9b','9d494a19-f3dc-5442-a2fc-da97f9902649','4.1','INFRAESTRUTURA -  DISTRIBUIÇÃO ELÉTRICA (Eletrocalhas, eletrodutos e caixas )','VB',1.000,530136.13,530136.13,26),('72a0ebda-35f8-5104-b21d-de4c9b938517','9d494a19-f3dc-5442-a2fc-da97f9902649','4.2','CABEAMENTO- DISTRIBUIÇÃO ELETRICA ( Cabos 750v 2,5mm², 4mm² e 6mm² )','VB',1.000,418568.33,418568.33,27),('ea4eefdb-81de-5b39-8e36-cffc054668cf','9d494a19-f3dc-5442-a2fc-da97f9902649','4.3','ACABAMENTO - DISTRIBUIÇÃO ELETRICA ( Tomadas e Interruptores )','VB',1.000,39191.56,39191.56,28),('64d3c0c2-395d-5238-b850-e0fc915a4725','dd7418ad-f659-52d6-873f-479dc672f56d','5.1','NSTALAÇÕES DE LUMINÁRIAS CONFORME PROJETO ( SOMENTE MÃO DE OBRA )','VB',1.000,287273.52,287273.52,29),('ab99061d-0b87-54d9-9104-deeead2d578b','4bda840c-cfe2-5265-941d-3579e8e57fbb','6.1','QUADROS DE ILUMINAÇÃO','VB',1.000,973939.07,973939.07,30),('0faddfbb-1654-5e75-9c7b-893eb8d655a8','13cad5b3-b0e5-5b00-977d-c8898df703d1','7.1','INFRAESTRUTURA -  DADOS E VOZ (Eletrocalhas, eletrodutos e caixas )','VB',1.000,277801.37,277801.37,31),('0ad64eaa-4d23-5d5e-9cc6-5039ca51510b','210b8abe-6171-546b-b0e2-48c9a7875ce0','8.1','ÁGUA PLUVIAL ( TUBOS E CONEXÕES )','VB',1.000,1378381.04,1378381.04,32),('b31a850f-361e-5dcf-a051-fbedd22606a0','210b8abe-6171-546b-b0e2-48c9a7875ce0','8.2','BARRILHETE DE BOMBAS DRENAGEM','VB',1.000,50633.8,50633.8,33),('cfed1034-3d29-53b1-93d8-1467ff8d2224','bf1ac326-3830-545a-8b12-7c8e69f65b05','9.1','ESGOTO SANITARIO','VB',1.000,1898133.76,1898133.76,34),('e0464d94-5a39-5060-b5cf-ef37b6621773','6803e031-3218-5d16-baee-506e194295f5','10.1','HIDRÁULICA (ÁGUA FRIA)','VB',1.000,1422075.92,1422075.92,35),('12f8189e-4f46-5b06-8dff-1627f02b22f0','6803e031-3218-5d16-baee-506e194295f5','10.2','HIDRÁULICA (ÁGUA QUENTE)','VB',1.000,673244.33,673244.33,36),('d9297fa3-3bdd-54c3-99e2-ec9e5063d8ff','6803e031-3218-5d16-baee-506e194295f5','10.3','HIDRÁULICA (BARRILHETES BOMBAS E REDUTORAS)','VB',1.000,757020.26,757020.26,37),('38ae47be-2c92-57e5-ab9d-4a4ddd77605a','b9c89074-3aa7-5836-9b87-b53afbd753c7','13.1','PILOTIS ( SÓ MÃO DE OBRA )','VB',1.000,18000.61,18000.61,38),('7398d188-1fff-598a-bbd4-374d4a412c18','b9c89074-3aa7-5836-9b87-b53afbd753c7','13.2','APARTAMENTOS','VB',1.000,108286.98,108286.98,39),('26241fdc-34c2-5244-a734-c672f422c2b1','34917ab8-8f72-526b-99ac-b7c8c01f974d','14.1','HIDRANTE','VB',1.000,340487.96,340487.96,40),('b202e016-c034-5355-bbb7-f701c5403262','34917ab8-8f72-526b-99ac-b7c8c01f974d','14.2','SPRINKLERS','VB',1.000,1202614.92,1202614.92,41),('b4cf8639-0e69-5983-8a36-312b89d775eb','34917ab8-8f72-526b-99ac-b7c8c01f974d','14.3','BOMBAS E BARRILHETES','VB',1.000,139226.83,139226.83,42),('6f4e6ae4-1fab-5ce6-891a-6fb2658a053b','968a2019-5560-5969-895e-ca107572c268','15.1','LUMINARIAS DE EMERGENCIA + ROTA DE FUGA','VB',1.000,60531.42,60531.42,43),('d068b384-84e7-5bce-80fa-c738c19c0391','968a2019-5560-5969-895e-ca107572c268','15.2','EXTINTORES','VB',1.000,89936.92,89936.92,44),('70760d7b-1c73-559a-a0f4-4b9d215a8dc5','4b16df11-98e8-5337-97e3-6572179bbbe8','16.1','INFRA ESTRUTURA ( ELTRODUTOS E CAIXAS )','VB',1.000,139792.28,139792.28,45),('4c66b511-ae0e-557a-bbb2-2f94617e5b82','4b16df11-98e8-5337-97e3-6572179bbbe8','16.2','CABEAMENTO SDAI ( CABO BLINDADO )','VB',1.000,56320.29,56320.29,46),('1fa30abc-e855-50e4-801e-7ed0f3a2cd4a','4b16df11-98e8-5337-97e3-6572179bbbe8','16.3','EQUIPAMENTOS','VB',1.000,206661.62,206661.62,47),('93dea67e-befa-5059-b365-3c4febfa7dbc','4996679b-1f15-5aaa-81f0-b5cc49a883a5','17.1','TUBOS E CONEXÕES','VB',1.000,161093.9,161093.9,48),('93dea67e-befa-5059-b365-3c4febfa7dbc','4996679b-1f15-5aaa-81f0-b5cc49a883a5','17.1','CAIXAS, REGULADORES E VALVULAS','VB',1.000,94472.95,94472.95,49),('141e3325-4189-5a52-8232-efac10938eed','bef7d1b5-f6c7-54d0-9d35-4b9c0201b7ee','18.1','SPDA','VB',1.000,335924.86,335924.86,50),('2f830ba5-d731-558a-bfe2-17d4dbccfacb','8177b8e3-f013-5519-a9ed-c8b5c5bd326c','19.1','DESCREVER SUBDIVISÃO','VB',1.000,866000.0,866000.0,51);

-- 335 DETALHAMENTOS
INSERT INTO detalhamentos(id,tarefa_id,codigo,descricao,unidade,quantidade_contratada,valor_unitario,ordem) VALUES
('0a9e8781-e270-5af6-9c3d-e7772862cdca','f633a8ac-3b28-5fac-b6f7-f7adb0e5d341','1.1.1','ENTRADA DE ENERGIA - INFRAESTRUTURA ( Poste ao PMT )','VB',1.0,30747.78,1),('976ad1b9-5e1f-5be2-ac1d-6b4146c0d843','4888a5b4-7dc1-5dd8-8544-f7c46994bdb4','1.2.1','ENTRADA DE ENERGIA - CABEAMENTO MÉDIA ( Poste ao PMT  )','VB',1.0,8895.41,2),('3b5a31c5-c310-5ab0-a78f-2a9cca1293f8','6b9748b0-0145-5f66-96c5-26d1a2c65905','1.3.1','ENTRADA DE ENERGIA - EQUIPAMENTOS( Painel de Média Tensão  )','VB',1.0,348931.39,3),('08e289d6-5054-52dc-a2ad-46a5e515601a','2585948c-42e9-5cf4-a1e8-1e456615c081','1.4.1','SUBESTAÇÃO PMUC - INFRAESTRUTURA ( PMT até Subestação PMUC + Trafo ao CPG)','VB',1.0,26909.52,4),('8d5274aa-c1ee-5456-88ea-b98dc8f2c0f2','7161a30e-4d1c-53aa-8318-63681d624fd6','1.5.1','SUBESTAÇÃO PMUC - CABEAMENTO MÉDIA ( PMT até Subestação PMUC )','VB',1.0,20114.28,5),('c674d6f4-c393-5e0d-9e58-bce735a50612','fe997abf-c3ea-5f07-8d9a-475aebda2d25','1.6.1','SUBESTAÇÃO PMUC - EQUIPAMENTO ( Tranformadores e fechamentos )','VB',1.0,159374.24,6),('d48d14d2-c39f-558e-aeb8-828205e4296d','a117d576-bf97-5503-a772-a3e4357d3cb8','1.7.1','SUBESTAÇÃO PMUC - CABEAMENTO BAIXA TENSÃO ( Transformadores aos CPG''s )','VB',1.0,54905.38,7),('5c4529f8-b762-5c26-a2ab-b091935512e6','5e7bee6c-6b3c-5e08-81e8-621bb8df65af','1.8.1','SUBESTAÇÃO PMUC - QUADROS ( CPG''s )','VB',1.0,124927.76,8),('84d3815c-695b-5533-921f-95e307216199','4a9a0776-8362-5d68-acf5-70d616e17649','1.9.1','SUBESTAÇÃO GRUPO A  - INFRAESTRUTURA ( PMT até Subestação GRUPO A  )','VB',1.0,23906.86,9),('236a280e-daa6-529c-81b4-21619df4cac8','13b23fde-2aa0-5182-a794-49d72d9ce206','1.10.1','SUBESTAÇÃO GRUPO A  - CABEAMENTO MÉDIA ( PMT até Subestação GRUPO A  )','VB',1.0,10610.25,10),('5d954462-0aeb-5035-a9e7-81a2784c4afc','e76e13f1-1914-5102-8642-3d7b96117b73','1.11.1','SUBESTAÇÃO GRUPO A  - EQUIPAMENTO ( Tranformador e fechamentos )','VB',1.0,77888.6,11),('4a77339b-46df-5c4d-9c09-d47dc9923dae','2f5d93f3-9c8e-51f2-bcfe-8b0e63718a36','1.12.1','SUBESTAÇÃO GRUPO A  - CABEAMENTO BAIXA TENSÃO ( Transformadores aos CPG'')','VB',1.0,27452.69,12),('9a84409b-8900-5dc2-991f-c6ade934b094','7fc437e0-520c-5a2d-a710-11782a2ec37d','1.13.1','SUBESTAÇÃO GRUPO A  - QUADROS ( CPG )','VB',1.0,35721.44,13),('d951cc75-35e6-541c-bb11-9fa92c3c1f90','9703bb7f-6f9c-53c3-b559-3fe7c7599d39','1.14.1','ENTRADA / SE PMUC / SE GRUPO A  - ATERRAMENTO ( Haste + Cabeamento + Fechamentos  )','VB',1.0,25619.67,14),('625ab3a7-b348-543f-b735-dcb181da183c','5add1039-d180-5ff0-abf9-22877c669cad','2.1.1','GRUPO GERADOR PMUC  - EQUIPAMENTO ( Gerador 500 Kva + Escapamento )','VB',1.0,446509.17,15),('ffb4160d-ce34-5dd3-a811-15ccc3922042','6a3eee1a-31f8-54c6-a658-7de57dd057f9','2.2.1','GRUPO GERADOR PMUC  - PAINEIS (  QTA''s + Quadros reversão )','VB',1.0,389851.3,16),('6b4a6c21-53ac-57ac-87a6-4d3b88eef9ac','a7ad0ef7-bfc6-5934-b4ad-85d9da2acbde','2.3.1','GRUPO GERADOR PMUC  - INFRAESTRUTURA  (  Eletrodutos )','VB',1.0,60941.78,17),('9b7eb81b-a040-5d84-966e-8f00104aea54','6e893673-c1c0-5887-aea4-6250969dfac4','2.4.1','GRUPO GERADOR PMUC  - CABEAMENTO BAIXA TENSÃO + COMANDO','VB',1.0,144019.27,18),('4dcd33b6-b7ab-528a-8894-183d2a8321a3','d744e91d-8718-5608-82bd-4df3395e42a9','2.5.1','GRUPO GERADOR CONDOMINIO  - EQUIPAMENTO ( Gerador 500 Kva + Escapamento )','VB',1.0,431053.37,19),('91c85300-d164-56f5-af14-b70bbfbabc0b','644b8ce8-8d45-5fd0-ba4c-73208a0c11b9','2.6.1','GRUPO GERADOR CONDOMINIO  - PAINEIS (  QTA EMERG + QTA QDC + QDG GERADOR )','VB',1.0,113013.61,20),('5dba881d-cfbe-5d2a-845a-a3dc99c2bdc7','68f25f10-01c8-500b-969f-ad47e0a130b5','2.7.1','GRUPO GERADOR CONDOMINIO  - INFRAESTRUTURA  (  Eletrodutos )','VB',1.0,63561.89,21),('f097c9b1-777c-587e-9ff2-042930366c00','cc31e44a-5b56-5f64-876a-65d95a065990','2.8.1','GRUPO GERADOR CONDOMINIO  - CABEAMENTO BAIXA TENSÃO + COMANDO','VB',1.0,175705.28,22),('28954b23-87f8-5e3e-b00f-e08249c2184c','6efb97e5-855e-5be6-8b04-8a40d4cdb104','2.9.1','GRUPO GERADOR PMUC + CONDOMINIO  - ATERRAMENTO','VB',1.0,9800.56,23),('0e80cf8a-8dac-527a-98fa-133903e2b954','8c5ae9f4-8d20-59f4-b5f4-a3ad04887a05','3.1.1','INFRA ALIMENTAÇÃO ELÉTRICA - SUBSOLO 04','VB',1.0,31375.93,24),('4245a386-f66a-5a13-ba41-44ac18463df6','8c5ae9f4-8d20-59f4-b5f4-a3ad04887a05','3.1.2','INFRA ALIMENTAÇÃO ELÉTRICA - SUBSOLO 03','VB',1.0,31524.62,25),('cc2d65eb-7528-5fb8-b0f5-aa34c70de9f2','8c5ae9f4-8d20-59f4-b5f4-a3ad04887a05','3.1.3','INFRA ALIMENTAÇÃO ELÉTRICA - SUBSOLO 02','VB',1.0,36467.27,26),('83aedd3a-6e72-5154-b048-d0c61be9d5a9','8c5ae9f4-8d20-59f4-b5f4-a3ad04887a05','3.1.4','INFRA ALIMENTAÇÃO ELÉTRICA - SUBSOLO 01','VB',1.0,29816.74,27),('e35e2265-be96-52e0-a6d5-8d8a1da275ca','8c5ae9f4-8d20-59f4-b5f4-a3ad04887a05','3.1.5','INFRA ALIMENTAÇÃO ELÉTRICA - TERREO','VB',1.0,108459.59,28),('9267b06b-c560-5193-ad11-af541a8dce9a','8c5ae9f4-8d20-59f4-b5f4-a3ad04887a05','3.1.6','INFRA ALIMENTAÇÃO ELÉTRICA - SOBRESOLO 01','VB',1.0,27705.78,29),('02f0209e-ceeb-5c98-93d9-3dcdf42e0949','8c5ae9f4-8d20-59f4-b5f4-a3ad04887a05','3.1.7','INFRA ALIMENTAÇÃO ELÉTRICA - SOBRESOLO 02','VB',1.0,36685.74,30),('95d43304-80f4-5c14-943a-10fcf3416d4f','8c5ae9f4-8d20-59f4-b5f4-a3ad04887a05','3.1.8','INFRA ALIMENTAÇÃO ELÉTRICA - SOBRESOLO 03','VB',1.0,32496.64,31),('b1fa5293-6561-5026-bf4c-cbf7b6919eec','8c5ae9f4-8d20-59f4-b5f4-a3ad04887a05','3.1.9','INFRA ALIMENTAÇÃO ELÉTRICA - LAZER','VB',1.0,12656.01,32),('78f94092-dc60-5361-8cd3-8a2c17be9e64','8c5ae9f4-8d20-59f4-b5f4-a3ad04887a05','3.1.10','INFRA ALIMENTAÇÃO ELÉTRICA - PANORAMICO','VB',1.0,7552.38,33),('18d8839c-1991-594b-b64c-2addd55e2934','8c5ae9f4-8d20-59f4-b5f4-a3ad04887a05','3.1.11','INFRA ALIMENTAÇÃO ELÉTRICA - PAV TIPO ( 1° AO 36 )','VB',36.0,8483.455,34),('6365c439-f958-5ae1-9ef5-4f6b9cde1d65','8c5ae9f4-8d20-59f4-b5f4-a3ad04887a05','3.1.12','INFRA ALIMENTAÇÃO ELÉTRICA - PAV COBERTURA','VB',1.0,8152.77,35),('cc4a1729-c988-571b-8f6b-6359c486bd48','8c5ae9f4-8d20-59f4-b5f4-a3ad04887a05','3.1.13','INFRA ALIMENTAÇÃO ELÉTRICA - PAV ROOFTOP + MEZANINO ROOFTOP','VB',1.0,5600.73,36),('a1ba02cb-f69d-5ff2-aa07-69af83b0ff44','8c5ae9f4-8d20-59f4-b5f4-a3ad04887a05','3.1.14','INFRA ALIMENTAÇÃO ELÉTRICA - PAV CASA DE MAQUINAS','VB',1.0,11403.62,37),('66317999-1153-5ad0-bc00-16067b410059','8c5ae9f4-8d20-59f4-b5f4-a3ad04887a05','3.1.15','INFRA ALIMENTAÇÃO ELÉTRICA - INFRA VERTICAL ( DIVIDIDO POR VÃOS ENTRE PAVIMENTOS )','VB',50.0,1122.4762,38),('4dc7f9cc-b631-5b71-a93d-b7b058709696','b42bda49-c588-564b-9074-1548d573683f','3.2.1','CABEAMENTO ALIMENTAÇÃO ELÉTRICA - SUBSOLO 04','VB',1.0,6697.532,39),('56c0de4e-47f6-55d6-8ffe-db993ba8e960','b42bda49-c588-564b-9074-1548d573683f','3.2.2','CABEAMENTO ALIMENTAÇÃO ELÉTRICA - SUBSOLO 03','VB',1.0,2921.2673,40),('9599097e-e0cc-5b3c-917d-3cc2d56d9a2e','b42bda49-c588-564b-9074-1548d573683f','3.2.3','CABEAMENTO ALIMENTAÇÃO ELÉTRICA - SUBSOLO 02','VB',1.0,2707.516,41),('795ae26e-efd5-5507-9b96-4ff9d6f53b23','b42bda49-c588-564b-9074-1548d573683f','3.2.4','CABEAMENTO ALIMENTAÇÃO ELÉTRICA - SUBSOLO 01','VB',1.0,4916.2791,42),('f1854503-a1af-525f-96ce-fc74db9784da','b42bda49-c588-564b-9074-1548d573683f','3.2.5','CABEAMENTO ALIMENTAÇÃO ELÉTRICA - TERREO','VB',1.0,354941.8333,43),('a53977d0-893d-5735-b2ba-4057d662e4c1','b42bda49-c588-564b-9074-1548d573683f','3.2.6','CABEAMENTO ALIMENTAÇÃO ELÉTRICA - SOBRESOLO 01','VB',1.0,1068.7563,44),('bce9a718-9d65-53bd-9d78-6217b57dbb1b','b42bda49-c588-564b-9074-1548d573683f','3.2.7','CABEAMENTO ALIMENTAÇÃO ELÉTRICA - SOBRESOLO 02','VB',1.0,855.0051,45),('4732e060-c870-5416-98df-17208d4d8690','b42bda49-c588-564b-9074-1548d573683f','3.2.8','CABEAMENTO ALIMENTAÇÃO ELÉTRICA - SOBRESOLO 03','VB',1.0,1389.3832,46),('86fb5e88-c72d-552f-8983-90d74a102b22','b42bda49-c588-564b-9074-1548d573683f','3.2.9','CABEAMENTO ALIMENTAÇÃO ELÉTRICA - LAZER','VB',1.0,4110.9563,47),('94a8b15c-7919-5880-bb2e-961e6524bd68','b42bda49-c588-564b-9074-1548d573683f','3.2.10','CABEAMENTO ALIMENTAÇÃO ELÉTRICA - PANORAMICO','VB',1.0,15904.9734,48),('3d3adee7-c1d8-5937-b785-3c8689497ca2','b42bda49-c588-564b-9074-1548d573683f','3.2.11','CABEAMENTO ALIMENTAÇÃO ELÉTRICA - PAV TIPO ( 1° AO 36 )','VB',36.0,27510.12,49),('da48e8aa-5d80-54d8-a45d-2f9663bab2f9','b42bda49-c588-564b-9074-1548d573683f','3.2.12','CABEAMENTO ALIMENTAÇÃO ELÉTRICA - PAV COBERTURA','VB',1.0,57694.5772,50),('d837914b-9a8c-57db-8ffc-c783bba3942c','b42bda49-c588-564b-9074-1548d573683f','3.2.13','CABEAMENTO ALIMENTAÇÃO ELÉTRICA - PAV ROOFTOP + MEZANINO ROOFTOP','VB',1.0,69525.4873,51),('ab9baf75-3db6-5aee-86f7-c34ef0a31c42','b42bda49-c588-564b-9074-1548d573683f','3.2.14','CABEAMENTO ALIMENTAÇÃO ELÉTRICA - PAV CASA DE MAQUINAS','VB',1.0,280489.228,52),('651a0d13-5ce1-51c0-abb9-70ec72740d10','a0a1ab5c-0d5c-5e46-8348-03191edd3e9b','4.1.1','INFRA DISTRIBUIÇÃO ELÉTRICA - SUBSOLO 04 + SUBSOLO 05','VB',1.0,25558.4126,53),('9faa0419-0e88-5de0-9944-1a09ca3f49e3','a0a1ab5c-0d5c-5e46-8348-03191edd3e9b','4.1.2','INFRA DISTRIBUIÇÃO ELÉTRICA - SUBSOLO 03','VB',1.0,23253.4032,54),('f84c6d75-f014-55cf-9baf-21834522c02c','a0a1ab5c-0d5c-5e46-8348-03191edd3e9b','4.1.3','INFRA DISTRIBUIÇÃO ELÉTRICA - SUBSOLO 02','VB',1.0,23253.4032,55),('9ef6dad8-ad95-5302-a777-539915b44a62','a0a1ab5c-0d5c-5e46-8348-03191edd3e9b','4.1.4','INFRA DISTRIBUIÇÃO ELÉTRICA - SUBSOLO 01','VB',1.0,23253.4032,56),('066b3276-6ab1-59c9-9429-784bf9fe7892','a0a1ab5c-0d5c-5e46-8348-03191edd3e9b','4.1.5','INFRA DISTRIBUIÇÃO ELÉTRICA - TERREO','VB',1.0,60458.8484,57),('f89ae035-11e6-5510-97df-aa002a7cd04b','a0a1ab5c-0d5c-5e46-8348-03191edd3e9b','4.1.6','INFRA DISTRIBUIÇÃO ELÉTRICA - SOBRESOLO 01','VB',1.0,25904.0839,58),('8e45480a-919c-5e62-a2d9-835bc019393f','a0a1ab5c-0d5c-5e46-8348-03191edd3e9b','4.1.7','INFRA DISTRIBUIÇÃO ELÉTRICA - SOBRESOLO 02','VB',1.0,26685.7226,59),('f1054155-f48f-5e41-9e84-e7bb050a9dcb','a0a1ab5c-0d5c-5e46-8348-03191edd3e9b','4.1.8','INFRA DISTRIBUIÇÃO ELÉTRICA - SOBRESOLO 03','VB',1.0,25904.0839,60),('54f1d7fe-6abd-556f-9167-9ac7a5dbbeb3','a0a1ab5c-0d5c-5e46-8348-03191edd3e9b','4.1.9','INFRA DISTRIBUIÇÃO ELÉTRICA - LAZER','VB',1.0,31808.1678,61),('f984359c-f9e0-5996-b1f8-6a72cbe04c7a','a0a1ab5c-0d5c-5e46-8348-03191edd3e9b','4.1.10','INFRA DISTRIBUIÇÃO ELÉTRICA - PANORAMICO','VB',1.0,23621.4452,62),('fdf65e24-9a52-5e53-925e-7fbb8efffd24','a0a1ab5c-0d5c-5e46-8348-03191edd3e9b','4.1.11','INFRA DISTRIBUIÇÃO ELÉTRICA - PAV TIPO ( 1° AO 36 )','VB',36.0,5535.2739,63),('079a5ddb-461e-5d2b-99dd-b17f94c21725','a0a1ab5c-0d5c-5e46-8348-03191edd3e9b','4.1.12','INFRA DISTRIBUIÇÃO ELÉTRICA - PAV COBERTURA','VB',1.0,5536.0419,64),('34e7b66e-72c9-545d-92a3-94ead9b0df24','a0a1ab5c-0d5c-5e46-8348-03191edd3e9b','4.1.13','INFRA DISTRIBUIÇÃO ELÉTRICA - PAV ROOFTOP + MEZANINO ROOFTOP','VB',1.0,19725.1678,65),('f8ffa188-3f0e-553c-af9b-9dcd9c1d8c4a','a0a1ab5c-0d5c-5e46-8348-03191edd3e9b','4.1.14','INFRA DISTRIBUIÇÃO ELÉTRICA - PAV CASA DE MAQUINAS','VB',1.0,10602.7226,66),('75840dd7-5004-58f5-bf74-e57f12f5ef97','a0a1ab5c-0d5c-5e46-8348-03191edd3e9b','4.1.15','INFRA DISTRIBUIÇÃO ELÉTRICA - HELIPONTO','VB',1.0,5301.3613,67),('5ea9535f-1134-5534-bec5-21c57bc60726','72a0ebda-35f8-5104-b21d-de4c9b938517','4.2.1','CABEAMENTO DISTRIBUIÇÃO ELÉTRICA - SUBSOLO 04 + SUBSOLO 05','VB',1.0,16149.8916,68),('963fe7a0-8e3e-532e-a19b-f829073af80f','72a0ebda-35f8-5104-b21d-de4c9b938517','4.2.2','CABEAMENTO DISTRIBUIÇÃO ELÉTRICA - SUBSOLO 03','VB',1.0,12464.2082,69),('ddd220db-81bb-5dc4-a204-bd564eefe09e','72a0ebda-35f8-5104-b21d-de4c9b938517','4.2.3','CABEAMENTO DISTRIBUIÇÃO ELÉTRICA - SUBSOLO 02','VB',1.0,12464.2082,70),('517df003-f075-5234-862a-a2a507f403d4','72a0ebda-35f8-5104-b21d-de4c9b938517','4.2.4','CABEAMENTO DISTRIBUIÇÃO ELÉTRICA - SUBSOLO 01','VB',1.0,12464.2082,71),('765e93c4-a3ec-5b92-a412-863f084c0ab2','72a0ebda-35f8-5104-b21d-de4c9b938517','4.2.5','CABEAMENTO DISTRIBUIÇÃO ELÉTRICA - TERREO','VB',1.0,46750.9414,72),('c49d3fe9-dc44-5382-b64c-6a0c4d975b68','72a0ebda-35f8-5104-b21d-de4c9b938517','4.2.6','CABEAMENTO DISTRIBUIÇÃO ELÉTRICA - SOBRESOLO 01','VB',1.0,22557.0499,73),('6c958427-4d9f-5cd0-8b07-9c4432cb17f2','72a0ebda-35f8-5104-b21d-de4c9b938517','4.2.7','CABEAMENTO DISTRIBUIÇÃO ELÉTRICA - SOBRESOLO 02','VB',1.0,18371.3666,74),('e1762fc0-9005-572f-8e50-74d75c43ee0c','72a0ebda-35f8-5104-b21d-de4c9b938517','4.2.8','CABEAMENTO DISTRIBUIÇÃO ELÉTRICA - SOBRESOLO 03','VB',1.0,22557.0499,75),('4cf883ef-c184-5df8-a3f0-7c6c15485718','72a0ebda-35f8-5104-b21d-de4c9b938517','4.2.9','CABEAMENTO DISTRIBUIÇÃO ELÉTRICA - LAZER','VB',1.0,35114.0998,76),('874ee76a-a512-5b3e-bb99-60e46d8add22','72a0ebda-35f8-5104-b21d-de4c9b938517','4.2.10','CABEAMENTO DISTRIBUIÇÃO ELÉTRICA - PANORAMICO','VB',1.0,16742.7332,77),('1a79df1a-e1f7-5509-9409-99cd730923a5','72a0ebda-35f8-5104-b21d-de4c9b938517','4.2.11','CABEAMENTO DISTRIBUIÇÃO ELÉTRICA - PAV TIPO ( 1° AO 36 )','VB',36.0,4624.5249,78),('bca06733-c8f4-5757-a03e-7e832ce95601','72a0ebda-35f8-5104-b21d-de4c9b938517','4.2.12','CABEAMENTO DISTRIBUIÇÃO ELÉTRICA - PAV COBERTURA','VB',1.0,4778.5249,79),('c5ee693d-f224-5db0-ba51-ce5f1be27efc','72a0ebda-35f8-5104-b21d-de4c9b938517','4.2.13','CABEAMENTO DISTRIBUIÇÃO ELÉTRICA - PAV ROOFTOP + MEZANINO ROOFTOP','VB',1.0,19114.0998,80),('2eea9ccb-de19-5ab7-992b-eb6d71668b55','72a0ebda-35f8-5104-b21d-de4c9b938517','4.2.14','CABEAMENTO DISTRIBUIÇÃO ELÉTRICA - PAV CASA DE MAQUINAS','VB',1.0,8371.3666,81),('0c90c8cd-a966-5947-b250-8bbd2206e58e','72a0ebda-35f8-5104-b21d-de4c9b938517','4.2.15','CABEAMENTO DISTRIBUIÇÃO ELÉTRICA - HELIPONTO','VB',1.0,4185.6833,82),('9a539e44-f70f-5b7e-80f3-0fc93f8efa13','ea4eefdb-81de-5b39-8e36-cffc054668cf','4.3.1','ACABAMENTO DISTRIBUIÇÃO ELÉTRICA - SUBSOLO 04 + SUBSOLO 05','VB',1.0,1763.6202,83),('a97543a0-0c8a-5541-9ba1-7a226d881995','ea4eefdb-81de-5b39-8e36-cffc054668cf','4.3.2','ACABAMENTO DISTRIBUIÇÃO ELÉTRICA - SUBSOLO 03','VB',1.0,1371.7046,84),('7e8151cc-ef48-5d81-9a4f-6b815fb9d70c','ea4eefdb-81de-5b39-8e36-cffc054668cf','4.3.3','ACABAMENTO DISTRIBUIÇÃO ELÉTRICA - SUBSOLO 02','VB',1.0,1371.7046,85),('46f50567-8741-514f-9e19-fcf8a508f14a','ea4eefdb-81de-5b39-8e36-cffc054668cf','4.3.4','ACABAMENTO DISTRIBUIÇÃO ELÉTRICA - SUBSOLO 01','VB',1.0,1371.7046,86),('06155775-55a9-5c88-bd3c-bf34a0ec4746','ea4eefdb-81de-5b39-8e36-cffc054668cf','4.3.5','ACABAMENTO DISTRIBUIÇÃO ELÉTRICA - TERREO','VB',1.0,3723.1982,87),('812865bc-eb81-5168-ac5c-bb50f889fd2e','ea4eefdb-81de-5b39-8e36-cffc054668cf','4.3.6','ACABAMENTO DISTRIBUIÇÃO ELÉTRICA - SOBRESOLO 01','VB',1.0,1371.7046,88),('c5f2bcd3-2fea-5ac9-8843-aa0775578649','ea4eefdb-81de-5b39-8e36-cffc054668cf','4.3.7','ACABAMENTO DISTRIBUIÇÃO ELÉTRICA - SOBRESOLO 02','VB',1.0,1371.7046,89),('bf9c0f3e-5903-5952-a14b-1fcfb8e92eb4','ea4eefdb-81de-5b39-8e36-cffc054668cf','4.3.8','ACABAMENTO DISTRIBUIÇÃO ELÉTRICA - SOBRESOLO 03','VB',1.0,1371.7046,90),('2dbce2c5-5e97-515a-92c9-5e5ba9691935','ea4eefdb-81de-5b39-8e36-cffc054668cf','4.3.9','ACABAMENTO DISTRIBUIÇÃO ELÉTRICA - LAZER','VB',1.0,2155.5358,91),('10db17f4-b276-5b4e-8f5d-6b483dd17040','ea4eefdb-81de-5b39-8e36-cffc054668cf','4.3.10','ACABAMENTO DISTRIBUIÇÃO ELÉTRICA - PANORAMICO','VB',1.0,3527.2404,92),('418218c3-5ad0-582c-8db4-3bde0b86366e','ea4eefdb-81de-5b39-8e36-cffc054668cf','4.3.11','ACABAMENTO DISTRIBUIÇÃO ELÉTRICA - PAV TIPO ( 1° AO 36 )','VB',36.0,391.9156,93),('a694a591-bc47-571f-8a0c-9670af0262cd','ea4eefdb-81de-5b39-8e36-cffc054668cf','4.3.12','ACABAMENTO DISTRIBUIÇÃO ELÉTRICA - PAV COBERTURA','VB',1.0,391.9156,94),('c889c5f1-0e97-5251-b3f8-5a6ea6dc6961','ea4eefdb-81de-5b39-8e36-cffc054668cf','4.3.13','ACABAMENTO DISTRIBUIÇÃO ELÉTRICA - PAV ROOFTOP + MEZANINO ROOFTOP','VB',1.0,3919.156,95),('cbd933e8-674d-5768-9f23-2d04bd3ea631','ea4eefdb-81de-5b39-8e36-cffc054668cf','4.3.14','ACABAMENTO DISTRIBUIÇÃO ELÉTRICA - PAV CASA DE MAQUINAS','VB',1.0,1371.7046,96),('01e82a43-5b67-55d7-ab3f-7be2f5aeab42','64d3c0c2-395d-5238-b850-e0fc915a4725','5.1.1','INSTALAÇÕES LUMINÁRIAS - SUBSOLO 04 + SUBSOLO 05','VB',1.0,12927.3084,97),('ed5d51aa-8317-576b-9f6e-f2b3b85727a2','64d3c0c2-395d-5238-b850-e0fc915a4725','5.1.2','INSTALAÇÕES LUMINÁRIAS - SUBSOLO 03','VB',1.0,15800.0436,98),('4add03ad-ec97-5288-8eb1-0f4cdf65eab3','64d3c0c2-395d-5238-b850-e0fc915a4725','5.1.3','INSTALAÇÕES LUMINÁRIAS - SUBSOLO 02','VB',1.0,15800.0436,99),('9b537395-82ca-5ea6-948d-869b3bd44612','64d3c0c2-395d-5238-b850-e0fc915a4725','5.1.4','INSTALAÇÕES LUMINÁRIAS - SUBSOLO 01','VB',1.0,14363.676,100),('af21e889-c791-5843-8fa8-37f33058dc66','64d3c0c2-395d-5238-b850-e0fc915a4725','5.1.5','INSTALAÇÕES LUMINÁRIAS - TERREO','VB',1.0,22981.8816,101),('bb14162b-ce6f-5f2c-9cf6-14e15f40feee','64d3c0c2-395d-5238-b850-e0fc915a4725','5.1.6','INSTALAÇÕES LUMINÁRIAS - SOBRESOLO 01','VB',1.0,20109.1464,102),('34e1c9a7-45fa-5e67-97c7-e6470ac1c634','64d3c0c2-395d-5238-b850-e0fc915a4725','5.1.7','INSTALAÇÕES LUMINÁRIAS - SOBRESOLO 02','VB',1.0,17236.4112,103),('c134867a-c17e-558e-8bfa-ac93f781219f','64d3c0c2-395d-5238-b850-e0fc915a4725','5.1.8','INSTALAÇÕES LUMINÁRIAS - SOBRESOLO 03','VB',1.0,8618.2056,104),('9a729e6d-123f-5166-af9b-8f9d6b85e8bd','64d3c0c2-395d-5238-b850-e0fc915a4725','5.1.9','INSTALAÇÕES LUMINÁRIAS - LAZER','VB',1.0,43091.028,105),('c813edb2-36ce-5350-b411-84979989a50c','64d3c0c2-395d-5238-b850-e0fc915a4725','5.1.10','INSTALAÇÕES LUMINÁRIAS - PANORAMICO','VB',1.0,17236.4112,106),('73ac9a1c-712d-57d6-9efb-6a8ac0213889','64d3c0c2-395d-5238-b850-e0fc915a4725','5.1.11','INSTALAÇÕES LUMINÁRIAS - PAV TIPO ( 1° AO 36 )','VB',36.0,1436.3676,107),('79c653e9-74d0-52e9-92b1-b427a02c858e','64d3c0c2-395d-5238-b850-e0fc915a4725','5.1.12','INSTALAÇÕES LUMINÁRIAS- PAV COBERTURA','VB',1.0,1436.3676,108),('0dc83234-baee-5f53-9bef-4c9ca2dff1ec','64d3c0c2-395d-5238-b850-e0fc915a4725','5.1.13','INSTALAÇÕES LUMINÁRIAS- PAV ROOFTOP + MEZANINO ROOFTOP','VB',1.0,28727.352,109),('8daa793d-9956-56c7-9592-6840ba27b579','64d3c0c2-395d-5238-b850-e0fc915a4725','5.1.14','INSTALAÇÕES LUMINÁRIAS - PAV CASA DE MAQUINAS','VB',1.0,14363.676,110),('7ababe1a-b1f0-5431-b2bb-a01c0c4b593b','64d3c0c2-395d-5238-b850-e0fc915a4725','5.1.15','INSTALAÇÕES LUMINÁRIAS - HELIPONTO','VB',1.0,2872.7352,111),('46febeb2-a39f-5276-985b-a453a7fc6305','ab99061d-0b87-54d9-9104-deeead2d578b','6.1.1','QUADROS - SUBSOLO 04 + SUBSOLO 05 (QL 4 SUB - QF EX  4 SUB - QB DREN - QB IRRIG)','VB',1.0,38342.95,112),('1272ca0a-0377-51da-a8df-ac41c1330ee1','ab99061d-0b87-54d9-9104-deeead2d578b','6.1.2','QUADROS - SUBSOLO 03 (QL 3 SUB - QF EX  3 SUB)','VB',1.0,22236.856,113),('7231ec99-0d5c-55fe-a509-e7aa87fdee78','ab99061d-0b87-54d9-9104-deeead2d578b','6.1.3','QUADROS - SUBSOLO 02 (QL 2 SUB - QF EX  2 SUB)','VB',1.0,22391.109,114),('240488ba-04b5-5569-86bf-e0411364b27d','ab99061d-0b87-54d9-9104-deeead2d578b','6.1.4','QUADROS - SUBSOLO 01 (QL 1 SUB - QF EX  1 SUB - QB ESPELHO)','VB',1.0,28442.584,115),('730dd6b7-f6e4-5f26-a715-df6c11077fe5','ab99061d-0b87-54d9-9104-deeead2d578b','6.1.5','QUADROS -TERREO (CM - QL GUA - QL TER - QD EMG - QB PRESS ESC E QB REC SEC)','VB',1.0,426460.3258,116),('75c5f23d-f748-5887-ad82-dbea500f7f67','ab99061d-0b87-54d9-9104-deeead2d578b','6.1.6','QUADROS - SOBRESOLO 01 (QL 1 SOBR)','VB',1.0,19052.4599,117),('ccefb8b1-cebd-5963-a8d9-cc9a974910f0','ab99061d-0b87-54d9-9104-deeead2d578b','6.1.7','QUADROS - SOBRESOLO 02 (QL 2 SOBR E QDC)','VB',1.0,26673.2462,118),('f8f3ca49-a0e2-57d4-9bdd-e0a80fb3a15d','ab99061d-0b87-54d9-9104-deeead2d578b','6.1.8','QUADROS - SOBRESOLO 03 (QL 3 SOBR E QB PISC)','VB',1.0,21882.0971,119),('035dc122-7d8b-5d97-ab9a-ffb5480b7534','ab99061d-0b87-54d9-9104-deeead2d578b','6.1.9','QUADROS - LAZER (QL 3 SOBR E QB PISC)','VB',1.0,28608.1188,120),('c2bf6d93-d1e8-5713-b4a7-64edfc4fe624','ab99061d-0b87-54d9-9104-deeead2d578b','6.1.10','QUADROS - PANORAMICO (QL PAN - QL FAC - QEUDE)','VB',1.0,33792.4085,121),('f8baa965-bbce-5288-bb82-4de2765e5e3d','ab99061d-0b87-54d9-9104-deeead2d578b','6.1.11','QL TIPO (36 VEZES)','VB',36.0,6515.352,122),('7c1e44a0-a7d8-5c88-8a43-6fa2c4890adb','ab99061d-0b87-54d9-9104-deeead2d578b','6.1.12','QUADROS - COBERTURA (QL COBERT - QB SUPERIOR)','VB',1.0,12672.4931,123),('18902675-8f6c-5779-9c89-eac1aebec739','ab99061d-0b87-54d9-9104-deeead2d578b','6.1.13','QUADROS MEZANINO (QL ROOFT - QFAC ROOTF - QL PAV 2)','VB',1.0,24845.4365,124),('2fc89919-d71b-5b82-9fd5-6418b49513ca','ab99061d-0b87-54d9-9104-deeead2d578b','6.1.14','QUADROS CASA MAQUINAS (QL ROOFT - QFAC ROOTF - QL PAV 2)','VB',1.0,33986.3129,125),('3e0bbabd-28d8-5666-855c-df97d73e0ea7','0faddfbb-1654-5e75-9c7b-893eb8d655a8','7.1.1','INFRA DADOS - SUBSOLO 04','VB',1.0,6556.0274,126),('5c66ce37-9aaa-5e28-af9f-7859f7e68a3f','0faddfbb-1654-5e75-9c7b-893eb8d655a8','7.1.2','INFRA DADOS  - SUBSOLO 03','VB',1.0,8334.0411,127),('04c98f9b-b946-588e-98d5-9e33933d1d35','0faddfbb-1654-5e75-9c7b-893eb8d655a8','7.1.3','INFRA DADOS  - SUBSOLO 02','VB',1.0,8334.0411,128),('54c43090-6c2e-5ff1-a049-d7f38e1a5f28','0faddfbb-1654-5e75-9c7b-893eb8d655a8','7.1.4','INFRA DADOS  - SUBSOLO 01','VB',1.0,11112.0548,129),('098c1e14-e3ed-5b4e-8f34-df5667bc6a95','0faddfbb-1654-5e75-9c7b-893eb8d655a8','7.1.5','INFRA DADOS  - TERREO','VB',1.0,33890.0685,130),('c58140e2-7aea-5516-a4b2-1bc8e5a0bc89','0faddfbb-1654-5e75-9c7b-893eb8d655a8','7.1.6','INFRA DADOS  - SOBRESOLO 01','VB',1.0,15556.0274,131),('b16e4bd3-a31a-5c89-a3b1-7e3e19ae826b','0faddfbb-1654-5e75-9c7b-893eb8d655a8','7.1.7','INFRA DADOS - SOBRESOLO 02','VB',1.0,16945.0343,132),('90a9f186-0bab-5a2b-862c-004d8914009a','0faddfbb-1654-5e75-9c7b-893eb8d655a8','7.1.8','INFRA DADOS  - SOBRESOLO 03','VB',1.0,13745.0343,133),('4d08c703-a4d1-5c00-b5b7-98e523ba3446','0faddfbb-1654-5e75-9c7b-893eb8d655a8','7.1.9','INFRA DADOS  - LAZER','VB',1.0,2778.0137,134),('6c05628b-91fa-584a-b8d4-79c0f0843891','0faddfbb-1654-5e75-9c7b-893eb8d655a8','7.1.10','INFRA DADOS  - PAV TIPO ( 1° AO 36 )','VB',36.0,4256.0274,135),('1cdd4c09-2f77-598c-ac4f-074d05f0ccba','0faddfbb-1654-5e75-9c7b-893eb8d655a8','7.1.11','INFRA DADOS  - PAV COBERTURA','VB',1.0,4556.0274,136),('5bb20ad3-e40e-504a-9631-788aaedba200','0faddfbb-1654-5e75-9c7b-893eb8d655a8','7.1.12','INFRA DADOS  - PAV ROOFTOP + MEZANINO ROOFTOP','VB',1.0,2778.0137,137),('bd6f8315-6439-5921-8b80-a09d347a594b','0ad64eaa-4d23-5d5e-9cc6-5039ca51510b','8.1.1','TUBOS E CONEXÕES - AGUAS PLUVIAIS - PRUMADA VERTICAL ( Dividida em vãos - 48 vãos do 1° subsolo ate a coberta  )','VB',48.0,14236.9293,138),('cbc2446f-b1c5-54d0-8451-8600da324f88','0ad64eaa-4d23-5d5e-9cc6-5039ca51510b','8.1.2','TUBOS E CONEXÕES - AGUAS PLUVIAIS - SUBSOLO 04 ( RECALQUE DRENAGEM + DRENO AR CONDICIONADO )','VB',1.0,6833.7261,139),('95702887-43ab-5325-9615-d65b307cde2d','0ad64eaa-4d23-5d5e-9cc6-5039ca51510b','8.1.3','TUBOS E CONEXÕES - AGUAS PLUVIAIS - SUBSOLO 03 ( RECALQUE DRENAGEM + DRENO AR CONDICIONADO )','VB',1.0,6833.7261,140),('323583f4-c15e-556e-84a7-0ec81dd25f37','0ad64eaa-4d23-5d5e-9cc6-5039ca51510b','8.1.4','TUBOS E CONEXÕES - AGUAS PLUVIAIS - SUBSOLO 02 (  DRENO AR CONDICIONADO )','VB',1.0,2401.05,141),('d20f4cb3-cf88-56f5-95d7-716b03abbd49','0ad64eaa-4d23-5d5e-9cc6-5039ca51510b','8.1.5','TUBOS E CONEXÕES - AGUAS PLUVIAIS - SUBSOLO 01 (  DRENO AR CONDICIONADO )','VB',1.0,2401.05,142),('dd5ee57c-a30c-54fa-9d53-dce90a7690a9','0ad64eaa-4d23-5d5e-9cc6-5039ca51510b','8.1.6','TUBOS E CONEXÕES - AGUAS PLUVIAIS - TERREO','VB',1.0,68337.2605,143),('bd1cc002-5de4-5123-b6fc-1ef68bc6d3b7','0ad64eaa-4d23-5d5e-9cc6-5039ca51510b','8.1.7','TUBOS E CONEXÕES - AGUAS PLUVIAIS - SOBRESOLO 01','VB',1.0,13667.4521,144),('78f8fbfe-c044-5130-b726-2b255cbcb2e6','0ad64eaa-4d23-5d5e-9cc6-5039ca51510b','8.1.8','TUBOS E CONEXÕES - AGUAS PLUVIAIS - SOBRESOLO 02','VB',1.0,27334.9042,145),('5e7683e5-d3a1-503d-aafe-50f85f94fd2e','0ad64eaa-4d23-5d5e-9cc6-5039ca51510b','8.1.9','TUBOS E CONEXÕES - AGUAS PLUVIAIS - SOBRESOLO 03','VB',1.0,13667.4521,146),('4933dc49-e853-541f-a0d8-53bda2986aca','0ad64eaa-4d23-5d5e-9cc6-5039ca51510b','8.1.10','TUBOS E CONEXÕES - AGUAS PLUVIAIS - LAZER','VB',1.0,68337.2605,147),('80edb778-438b-5706-a6dd-32a1e72bedad','0ad64eaa-4d23-5d5e-9cc6-5039ca51510b','8.1.11','TUBOS E CONEXÕES - AGUAS PLUVIAIS - PANORAMICO','VB',1.0,27334.9042,148),('d33715a5-118b-5ca8-96d0-2e4abb6a0b1d','0ad64eaa-4d23-5d5e-9cc6-5039ca51510b','8.1.12','TUBOS E CONEXÕES - AGUAS PLUVIAIS - 1° PAVIMENTO ( TIPO )','VB',1.0,27334.9042,149),('d2d15087-035b-5e9a-a342-603b84bf65d6','0ad64eaa-4d23-5d5e-9cc6-5039ca51510b','8.1.13','TUBOS E CONEXÕES - AGUAS PLUVIAIS - PAVIMENTO TIPO  ( 2° AO 36° PAV )','VB',35.0,10933.9617,150),('bcf43030-4a69-5039-b058-8979a4a41c41','0ad64eaa-4d23-5d5e-9cc6-5039ca51510b','8.1.14','TUBOS E CONEXÕES - AGUAS PLUVIAIS - COBERTURA','VB',1.0,13667.4521,151),('92226480-9cbc-537d-98d3-78aeb46b7df0','0ad64eaa-4d23-5d5e-9cc6-5039ca51510b','8.1.15','TUBOS E CONEXÕES - AGUAS PLUVIAIS - ROOFTOP + MEZANINO','VB',1.0,13667.4521,152),('45f5a8b5-4731-5622-87b2-7a5bb9d037f6','0ad64eaa-4d23-5d5e-9cc6-5039ca51510b','8.1.16','TUBOS E CONEXÕES - AGUAS PLUVIAIS - CASA DE MAQUINA','VB',1.0,13667.4521,153),('7b3e95d4-c430-5bd5-9d7e-66ca9fc00e8c','0ad64eaa-4d23-5d5e-9cc6-5039ca51510b','8.1.17','TUBOS E CONEXÕES - AGUAS PLUVIAIS - HELIPONTO','VB',1.0,6833.7261,154),('4a63f6c8-d51f-587a-bc72-121eaa7f66cf','b31a850f-361e-5dcf-a051-fbedd22606a0','8.2.1','INSTALAÇÃO DE BOMBAS - DRENAGEM - AGUAS PLUVIAIS - SUBSOLO 4 ( TUBOS, CONEXÕES E VALVULAS  )','VB',1.0,50633.8,155),('5f4f45ea-c804-5a8e-8d52-a56b24968597','cfed1034-3d29-53b1-93d8-1467ff8d2224','9.1.1','TUBOS E CONEXÕES - ESGOTO - PRUMADA VERTICAL ( Dividida em vãos entre pavimentos )','VB',48.0,15817.7813,156),('f50d245e-f074-5638-9184-8f7a28874cb4','cfed1034-3d29-53b1-93d8-1467ff8d2224','9.1.2','TUBOS E CONEXÕES - ESGOTO  - SUBSOLO 04','VB',1.0,9490.6688,157),('e7fd1a95-d4aa-5762-92c3-257236e3948f','cfed1034-3d29-53b1-93d8-1467ff8d2224','9.1.3','TUBOS E CONEXÕES - ESGOTO  - SUBSOLO 03','VB',1.0,9490.6688,158),('20e27862-ff7b-501d-880d-6653dedfa261','cfed1034-3d29-53b1-93d8-1467ff8d2224','9.1.4','TUBOS E CONEXÕES - ESGOTO  - SUBSOLO 02','VB',1.0,9490.6688,159),('9ff8ccd5-5409-5d03-9bf4-60512c986132','cfed1034-3d29-53b1-93d8-1467ff8d2224','9.1.5','TUBOS E CONEXÕES - ESGOTO  - SUBSOLO 01','VB',1.0,9490.6688,160),('c0a9a6b9-eada-5e9d-a600-7cc101ee3cb3','cfed1034-3d29-53b1-93d8-1467ff8d2224','9.1.6','TUBOS E CONEXÕES - ESGOTO  - TERREO','VB',1.0,75925.3504,161),('56d645f5-6af6-5159-a013-0d0c177a602e','cfed1034-3d29-53b1-93d8-1467ff8d2224','9.1.7','TUBOS E CONEXÕES - ESGOTO  - SOBRESOLO 01','VB',1.0,18981.3376,162),('b0d5bbf6-cd16-593d-b2cd-30db807f8c76','cfed1034-3d29-53b1-93d8-1467ff8d2224','9.1.8','TUBOS E CONEXÕES - ESGOTO  - SOBRESOLO 02','VB',1.0,28472.0064,163),('f018dcc4-8990-5847-b5af-09282a41cda4','cfed1034-3d29-53b1-93d8-1467ff8d2224','9.1.9','TUBOS E CONEXÕES - ESGOTO  - SOBRESOLO 03','VB',1.0,18981.3376,164),('836a7285-219c-5d86-8b37-1af1d9a2dd8e','cfed1034-3d29-53b1-93d8-1467ff8d2224','9.1.10','TUBOS E CONEXÕES - ESGOTO  - LAZER','VB',1.0,28472.0064,165),('b406ef9a-1b7d-57df-9d9a-247eabb3df39','cfed1034-3d29-53b1-93d8-1467ff8d2224','9.1.11','TUBOS E CONEXÕES - ESGOTO  - PANORAMICO','VB',1.0,18981.3376,166),('bd5240e3-3e9d-5286-aefe-6e8dff4f8fb9','cfed1034-3d29-53b1-93d8-1467ff8d2224','9.1.12','TUBOS E CONEXÕES - ESGOTO  - 1° PAVIMENTO ( TIPO )','VB',1.0,37962.6752,167),('b057cf47-95c0-503e-80bd-f45b7fe074b8','cfed1034-3d29-53b1-93d8-1467ff8d2224','9.1.13','TUBOS E CONEXÕES - ESGOTO  - PAVIMENTO TIPO  ( 2° AO 36° PAV )','VB',35.0,22777.6051,168),('da4c9c3e-0c4f-5ab6-9d2e-37627c6d731b','cfed1034-3d29-53b1-93d8-1467ff8d2224','9.1.14','TUBOS E CONEXÕES - ESGOTO  - COBERTURA','VB',1.0,37962.6752,169),('12b7da83-f71c-58c0-9bfc-7e6e3db98fbb','cfed1034-3d29-53b1-93d8-1467ff8d2224','9.1.15','TUBOS E CONEXÕES - ESGOTO  - ROOFTOP + MEZANINO','VB',1.0,18981.3376,170),('fb4c7c2e-e8e8-54c7-a23e-6419d1867052','cfed1034-3d29-53b1-93d8-1467ff8d2224','9.1.16','TUBOS E CONEXÕES - ESGOTO  - CASA DE MAQUINA','VB',1.0,18981.3376,171),('f24604bf-fd49-535f-bffc-dea4ee34c4ec','e0464d94-5a39-5060-b5cf-ef37b6621773','10.1.1','TUBOS E CONEXÕES - HIDRÁULICA - PRUMADA VERTICAL ( Dividida em vãos )','VB',48.0,7406.6454,172),('1ced5bc9-92fe-5fff-a03d-fd266bda0fb5','e0464d94-5a39-5060-b5cf-ef37b6621773','10.1.2','TUBOS E CONEXÕES - HIDRÁULICA  - SUBSOLO 04','VB',1.0,14220.7592,173),('368dd8aa-d397-523b-afc0-8fb8035c359c','e0464d94-5a39-5060-b5cf-ef37b6621773','10.1.3','TUBOS E CONEXÕES - HIDRÁULICA  - SUBSOLO 03','VB',1.0,14220.7592,174),('9bd8e4d3-1c72-5fdb-85c2-7bf07ac2f2a1','e0464d94-5a39-5060-b5cf-ef37b6621773','10.1.4','TUBOS E CONEXÕES - HIDRÁULICA  - SUBSOLO 02','VB',1.0,14220.7592,175),('cca1b2d9-df44-557c-ae42-45f9e0b0f329','e0464d94-5a39-5060-b5cf-ef37b6621773','10.1.5','TUBOS E CONEXÕES - HIDRÁULICA  - SUBSOLO 01','VB',1.0,14220.7592,176),('8224f075-5eb1-52be-9cfc-29c75ad3b338','e0464d94-5a39-5060-b5cf-ef37b6621773','10.1.6','TUBOS E CONEXÕES - HIDRÁULICA  - TERREO','VB',1.0,71103.796,177),('cb7e58eb-b771-5cd6-9d65-2d77a6b00adc','e0464d94-5a39-5060-b5cf-ef37b6621773','10.1.7','TUBOS E CONEXÕES - HIDRÁULICA  - SOBRESOLO 01','VB',1.0,0.0,178),('130c1050-ae9d-5ffe-9b0a-80eae4e4e443','e0464d94-5a39-5060-b5cf-ef37b6621773','10.1.8','TUBOS E CONEXÕES - HIDRÁULICA  - SOBRESOLO 02','VB',1.0,14220.7592,179),('52250556-c2b2-5c77-9364-770c03cc8c51','e0464d94-5a39-5060-b5cf-ef37b6621773','10.1.9','TUBOS E CONEXÕES - HIDRÁULICA  - SOBRESOLO 03','VB',1.0,28441.5184,180),('bda83591-4670-5cfe-970d-0044045779a9','e0464d94-5a39-5060-b5cf-ef37b6621773','10.1.10','TUBOS E CONEXÕES - HIDRÁULICA  - LAZER','VB',1.0,21331.1388,181),('4c217589-6a83-572e-9008-218fdb08c2ff','e0464d94-5a39-5060-b5cf-ef37b6621773','10.1.11','TUBOS E CONEXÕES - HIDRÁULICA  - PANORAMICO','VB',1.0,14220.7592,182),('83d813cc-e3d8-521d-88c9-e9b2c558c111','e0464d94-5a39-5060-b5cf-ef37b6621773','10.1.12','TUBOS E CONEXÕES - HIDRÁULICA  - PAVIMENTO TIPO  ( 1° AO 36° PAV )','VB',36.0,21331.1388,183),('9ca92f98-4939-5cd5-9c45-3ae083308404','e0464d94-5a39-5060-b5cf-ef37b6621773','10.1.13','TUBOS E CONEXÕES - HIDRÁULICA  - COBERTURA','VB',1.0,28441.5184,184),('ae17f3a3-9557-563f-89a1-de4add05cce5','e0464d94-5a39-5060-b5cf-ef37b6621773','10.1.14','TUBOS E CONEXÕES - HIDRÁULICA  - ROOFTOP + MEZANINO','VB',1.0,7110.3796,185),('4670e03e-4507-5687-b45a-cd3ec649451b','e0464d94-5a39-5060-b5cf-ef37b6621773','10.1.15','TUBOS E CONEXÕES - HIDRÁULICA  - CASA DE MAQUINA','VB',1.0,56883.0368,186),('3054e23e-547a-54eb-ae2e-df7dc0f1741c','12f8189e-4f46-5b06-8dff-1627f02b22f0','10.2.1','TUBOS E CONEXÕES - HIDRAULICA  - PAVIMENTO TIPO  ( 1° AO 36° PAV )','VB',36.0,16806.618,187),('79b1e69a-88f3-52c6-8e80-8a30d2d71aea','12f8189e-4f46-5b06-8dff-1627f02b22f0','10.2.2','TUBOS E CONEXÕES - HIDRAULICA  - COBERTURA','VB',1.0,39821.6366,188),('031a30ae-b712-5559-b78a-0f90182f7fe1','12f8189e-4f46-5b06-8dff-1627f02b22f0','10.2.3','TUBOS E CONEXÕES - HIDRAULICA  - CASA DE MAQUINAS','VB',1.0,28384.4444,189),('6ac0d4af-40d9-5c76-8854-c306533e72e6','d9297fa3-3bdd-54c3-99e2-ec9e5063d8ff','10.3.1','CONJUNTO HIDROMETROS APARTAMENTOS ( VALVULAS E CONEXÕES )','VB',37.0,2162.66,190),('dc997ba7-2432-5c9b-b19a-19bdbea22ae5','d9297fa3-3bdd-54c3-99e2-ec9e5063d8ff','10.3.2','CONJUNTO BOMBAS RECALQUE','VB',1.0,187034.64,191),('8e46bc28-017e-5a3a-9313-c56128b2fc18','d9297fa3-3bdd-54c3-99e2-ec9e5063d8ff','10.3.3','CONJUNTO BOMBAS PRESSURIZAÇÃO','VB',1.0,62990.63,192),('4c113034-029a-594f-aa57-a1e2ffb5ce33','d9297fa3-3bdd-54c3-99e2-ec9e5063d8ff','10.3.4','CONJUNTO ESTAÇÃO REDUTORA DE PRESSÃO ( SISTEMA F )','VB',1.0,55093.64,193),('78227db1-4078-5228-888d-c249e3f1e723','d9297fa3-3bdd-54c3-99e2-ec9e5063d8ff','10.3.5','CONJUNTO ESTAÇÃO REDUTORA DE PRESSÃO ( SISTEMA G )','VB',1.0,55093.64,194),('8e34274f-6f7f-5041-b8ac-4f8de5ea65f1','d9297fa3-3bdd-54c3-99e2-ec9e5063d8ff','10.3.6','CONJUNTO ESTAÇÃO REDUTORA DE PRESSÃO ( SISTEMA CONDOMINIO )','VB',1.0,82225.0,195),('4373c9ee-e497-5ca8-a8d3-1f251fe6dff4','d9297fa3-3bdd-54c3-99e2-ec9e5063d8ff','10.3.7','CONJUNTO ESTAÇÃO REDUTORA DE PRESSÃO ( SISTEMA B )','VB',1.0,58943.53,196),('6bf2315f-38b5-544a-b6a3-48588f3b3d10','d9297fa3-3bdd-54c3-99e2-ec9e5063d8ff','10.3.8','CONJUNTO ESTAÇÃO REDUTORA DE PRESSÃO ( SISTEMA C )','VB',1.0,58505.23,197),('804f535d-9f99-55b9-bf00-d37d4a32d128','d9297fa3-3bdd-54c3-99e2-ec9e5063d8ff','10.3.9','CONJUNTO ESTAÇÃO REDUTORA DE PRESSÃO ( SISTEMA D )','VB',1.0,58527.58,198),('a7a02244-0a6e-5e15-924d-d9b545a625a8','d9297fa3-3bdd-54c3-99e2-ec9e5063d8ff','10.3.10','CONJUNTO ESTAÇÃO REDUTORA DE PRESSÃO ( SISTEMA E )','VB',1.0,58587.95,199),('d88e55dd-b6f8-552e-a75e-ea213628c5e1','','12.1.1','TUBOS E CONEXÕES ( PVC SOLDAVEL E PPR )','VB',1.0,52263.32,200),('d88e55dd-b6f8-552e-a75e-ea213628c5e1','','12.1.1','ACABAMENTOS ( RALOS DE FUNDO, ASPIRAÇÃO E RETORNO )','VB',1.0,8096.06,201),('d88e55dd-b6f8-552e-a75e-ea213628c5e1','','12.1.1','BARRILHETES E BOMBAS ( BOMBAS FILTROS E VALVULAS )','VB',1.0,68415.37,202),('0b66577a-7142-5e88-ac5e-e891c0cab18b','38ae47be-2c92-57e5-ab9d-4a4ddd77605a','13.1.1','LOUÇAS E METAIS - PAVIMENTO TERREO','VB',1.0,2340.0793,203),('47c5c92d-2d00-5314-926c-94c8a5200529','38ae47be-2c92-57e5-ab9d-4a4ddd77605a','13.1.2','LOUÇAS E METAIS - PAVIMENTO LAZER','VB',1.0,3240.1098,204),('398e0cdc-d1c5-596a-b57e-7d32ada8a0b7','38ae47be-2c92-57e5-ab9d-4a4ddd77605a','13.1.3','LOUÇAS E METAIS - PAVIMENTO PANORAMICO','VB',1.0,3240.1098,205),('62512a79-490f-58c5-9574-70270aa2ad6e','38ae47be-2c92-57e5-ab9d-4a4ddd77605a','13.1.4','LOUÇAS E METAIS - PAVIMENTO ROOFTOP + MEZANINO','VB',1.0,8640.2928,206),('87dcd99d-c9d1-5945-a71f-d869c0cd1b1a','38ae47be-2c92-57e5-ab9d-4a4ddd77605a','13.1.5','LOUÇAS E METAIS - PAVIMENTO CASA DE MAQ','VB',1.0,540.0183,207),('a3e03c2d-4209-5a48-a269-ff47595b093b','7398d188-1fff-598a-bbd4-374d4a412c18','13.2.1','LOUÇAS E METAIS - PAVIMENTO TIPO 1 AO 36','VB',36.0,2707.1745,208),('a4929bb8-a0e5-51b6-9787-d4f49b4f2c57','7398d188-1fff-598a-bbd4-374d4a412c18','13.2.2','LOUÇAS E METAIS - COBERTURA','VB',1.0,10828.698,209),('6f2d8f07-0f69-5eec-b665-fda61c1dea56','26241fdc-34c2-5244-a734-c672f422c2b1','14.1.1','TUBOS E CONEXÕES - HIDRANTE - PRUMADA VERTICAL ( Dividida em vãos )','VB',48.0,2146.2149,210),('12818b44-e5d5-5dcb-a269-e275c0f0d831','26241fdc-34c2-5244-a734-c672f422c2b1','14.1.2','TUBOS E CONEXÕES - HIDRANTE - PAV TIPO ( 1 ao 36 )','VB',36.0,1632.9719,211),('53075b81-fabc-5d88-b289-11179ccdd941','26241fdc-34c2-5244-a734-c672f422c2b1','14.1.3','TUBOS E CONEXÕES - HIDRANTE - PAV COBERTURA','VB',1.0,4242.551,212),('f13699ac-c999-50a3-9837-352c9a4068fc','26241fdc-34c2-5244-a734-c672f422c2b1','14.1.4','TUBOS E CONEXÕES - HIDRANTE - PAV ROOFTOP + MEZANINO','VB',1.0,2121.2755,213),('d76449d9-d00c-5916-86d1-9a670f0c0701','26241fdc-34c2-5244-a734-c672f422c2b1','14.1.5','TUBOS E CONEXÕES - HIDRANTE - PAV CASA DE MAQUINA','VB',1.0,2121.2755,214),('4f2f930c-103a-5a0b-b93f-ba051e1f6f51','26241fdc-34c2-5244-a734-c672f422c2b1','14.1.6','CAIXAS E ACESSORIOS - HIDRANTE - SUBSOLO 4 A0 PAV TIPO 36','VB',46.0,3276.4,215),('aafac05c-94a5-5d33-84d4-0e0570bc4f6f','26241fdc-34c2-5244-a734-c672f422c2b1','14.1.7','CAIXAS E ACESSORIOS - HIDRANTE - PAV COBERTURA','VB',1.0,11696.8976,216),('93f08f0a-ab0e-593f-9b98-39498c709f37','26241fdc-34c2-5244-a734-c672f422c2b1','14.1.8','CAIXAS E ACESSORIOS - HIDRANTE - PAV ROOFTOP + MEZANINO','VB',1.0,7786.2584,217),('d73b7fcc-704e-5b70-a33e-daaed832a157','b202e016-c034-5355-bbb7-f701c5403262','14.2.1','TUBOS E CONEXÕES - SPRINKLER - PRUMADA VERTICAL ( Dividida por  vãos entre pavimentos  )','VB',48.0,6452.25,218),('1685de5d-ddc3-5f3f-ad4f-13aebb66b9ac','b202e016-c034-5355-bbb7-f701c5403262','14.2.2','TUBOS E CONEXÕES - SPRINKLER - CONJUNTO VALVULA REDUTORA DE PRESSÃO','VB',2.0,57547.03,219),('ae9a1715-2ed6-531a-b885-601d1bf9b4e1','b202e016-c034-5355-bbb7-f701c5403262','14.2.3','TUBOS E CONEXÕES - SPRINKLER - PAVIMENTO SUBSOLO 4','VB',1.0,80022.777,220),('44d2ade9-c8a2-578e-b4d3-05ecc7306a25','b202e016-c034-5355-bbb7-f701c5403262','14.2.4','TUBOS E CONEXÕES - SPRINKLER - PAVIMENTO SUBSOLO 3','VB',1.0,80022.777,221),('528be6e3-1e2b-5df8-9ff2-f0cabaa0d244','b202e016-c034-5355-bbb7-f701c5403262','14.2.5','TUBOS E CONEXÕES - SPRINKLER - PAVIMENTO SUBSOLO 2','VB',1.0,80022.777,222),('a93e95a6-a920-5e97-85f3-35c736baaf07','b202e016-c034-5355-bbb7-f701c5403262','14.2.6','TUBOS E CONEXÕES - SPRINKLER - PAVIMENTO SUBSOLO 1','VB',1.0,80022.777,223),('21461907-8373-5e93-b444-5868d11b3cfc','b202e016-c034-5355-bbb7-f701c5403262','14.2.7','TUBOS E CONEXÕES - SPRINKLER - PAVIMENTO TERREO','VB',1.0,83223.6881,224),('950aec49-c1d5-50a8-bd1d-9b600eff7a33','b202e016-c034-5355-bbb7-f701c5403262','14.2.8','TUBOS E CONEXÕES - SPRINKLER - PAVIMENTO SOBRESOLO 1','VB',1.0,72020.4993,225),('f1c7e4b1-d399-5dcd-9abb-bafce5cda3af','b202e016-c034-5355-bbb7-f701c5403262','14.2.9','TUBOS E CONEXÕES - SPRINKLER - PAVIMENTO SOBRESOLO 2','VB',1.0,64018.2216,226),('c91d0c9e-0010-5705-9b24-c249fe0c3a78','b202e016-c034-5355-bbb7-f701c5403262','14.2.10','TUBOS E CONEXÕES - SPRINKLER - PAVIMENTO SOBRESOLO 3','VB',1.0,56015.9439,227),('12038866-e723-5db4-a19d-68b05bb007cd','b202e016-c034-5355-bbb7-f701c5403262','14.2.11','TUBOS E CONEXÕES - SPRINKLER - PAVIMENTO LAZER','VB',1.0,24006.8331,228),('7b26f95a-d2f6-517c-940b-f0e0b15a753e','b202e016-c034-5355-bbb7-f701c5403262','14.2.12','TUBOS E CONEXÕES - SPRINKLER - PAVIMENTO PANORAMICO','VB',1.0,32009.1108,229),('20cf54d8-e226-50ce-883e-dd5738a10bcc','b202e016-c034-5355-bbb7-f701c5403262','14.2.13','TUBOS E CONEXÕES - SPRINKLER - PAVIMENTO TIPO ( 1° ao 36° )','VB',36.0,1863.2189,230),('3c856360-a9df-51a6-bc16-f48a27804c3d','b202e016-c034-5355-bbb7-f701c5403262','14.2.14','TUBOS E CONEXÕES - SPRINKLER - PAVIMENTO COBERTURA','VB',1.0,6401.8222,231),('8be0bbe4-746d-5776-bdfb-f3079982462a','b202e016-c034-5355-bbb7-f701c5403262','14.2.15','TUBOS E CONEXÕES - SPRINKLER - PAVIMENTO ROOFTOP + MEZANINO','VB',1.0,28942.9184,232),('9eeceaae-7f00-5661-b87b-2e03b0173f3f','b202e016-c034-5355-bbb7-f701c5403262','14.2.16','TUBOS E CONEXÕES - SPRINKLER - PAVIMENTO CASA DE MAQUINA','VB',1.0,24006.8331,233),('004214fd-538d-5ff4-9b80-42a78924382e','b4cf8639-0e69-5983-8a36-312b89d775eb','14.3.1','BARRILHETE BOMBAS - CASA DE MAQUINAS','VB',1.0,139226.83,234),('02750ec7-bd4d-5ab5-8b94-8f281b915c74','6f4e6ae4-1fab-5ce6-891a-6fb2658a053b','15.1.1','INSTALAÇÕES SINALIZAÇÃO - SUBSOLO 04 + SUBSOLO 05','VB',1.0,3026.571,235),('86b9fcc2-fd6c-52a1-ae50-2946a4a71800','6f4e6ae4-1fab-5ce6-891a-6fb2658a053b','15.1.2','INSTALAÇÕES SINALIZAÇÃO - SUBSOLO 03','VB',1.0,1815.9426,236),('a8613419-25a7-5a65-a1c8-4acc0a80088f','6f4e6ae4-1fab-5ce6-891a-6fb2658a053b','15.1.3','INSTALAÇÕES SINALIZAÇÃO - SUBSOLO 02','VB',1.0,1815.9426,237),('ee1d6ce6-fb90-5902-a634-96c5700950ed','6f4e6ae4-1fab-5ce6-891a-6fb2658a053b','15.1.4','INSTALAÇÕES SINALIZAÇÃO - SUBSOLO 01','VB',1.0,1815.9426,238),('9080eaa1-f553-5a23-a56b-cd3bb74e2095','6f4e6ae4-1fab-5ce6-891a-6fb2658a053b','15.1.5','INSTALAÇÕES SINALIZAÇÃO - TERREO','VB',1.0,3631.8852,239),('b5584a2e-8b03-56d4-a4a6-02fe5a4a80cb','6f4e6ae4-1fab-5ce6-891a-6fb2658a053b','15.1.6','INSTALAÇÕES SINALIZAÇÃO - SOBRESOLO 01','VB',1.0,2421.2568,240),('a02c980f-99da-5bd3-84c4-4ca604127cb7','6f4e6ae4-1fab-5ce6-891a-6fb2658a053b','15.1.7','INSTALAÇÕES SINALIZAÇÃO - SOBRESOLO 02','VB',1.0,2421.2568,241),('1b926dd4-273c-5b90-9e15-e4a9b9e4d966','6f4e6ae4-1fab-5ce6-891a-6fb2658a053b','15.1.8','INSTALAÇÕES SINALIZAÇÃO - SOBRESOLO 03','VB',1.0,1815.9426,242),('20ac9f3a-917b-5471-a443-d14e0e7a84b8','6f4e6ae4-1fab-5ce6-891a-6fb2658a053b','15.1.9','INSTALAÇÕES SINALIZAÇÃO - LAZER','VB',1.0,2421.2568,243),('d33f85c9-92ea-5ca0-8701-fb3ffb90f749','6f4e6ae4-1fab-5ce6-891a-6fb2658a053b','15.1.10','INSTALAÇÕES SINALIZAÇÃO - PANORAMICO','VB',1.0,1815.9426,244),('cd974d48-aaed-5fb4-90ce-a2c816ae2bac','6f4e6ae4-1fab-5ce6-891a-6fb2658a053b','15.1.11','INSTALAÇÕES SINALIZAÇÃO - PAV TIPO ( 1° AO 36 )','VB',36.0,907.9713,245),('e25ab43f-765e-58a2-94c2-2115ef2e12ca','6f4e6ae4-1fab-5ce6-891a-6fb2658a053b','15.1.12','INSTALAÇÕES SINALIZAÇÃO- PAV COBERTURA','VB',1.0,1210.6284,246),('a4552ed5-8311-53ac-86e6-b3013a631c72','6f4e6ae4-1fab-5ce6-891a-6fb2658a053b','15.1.13','INSTALAÇÕES SINALIZAÇÃO- PAV ROOFTOP + MEZANINO ROOFTOP','VB',1.0,3026.571,247),('36cbdb70-b489-5b97-8d51-71c696360b3c','6f4e6ae4-1fab-5ce6-891a-6fb2658a053b','15.1.14','INSTALAÇÕES SINALIZAÇÃO - PAV CASA DE MAQUINAS','VB',1.0,605.3142,248),('02750ec7-bd4d-5ab5-8b94-8f281b915c74','d068b384-84e7-5bce-80fa-c738c19c0391','15.1.1','INSTALAÇÕES EXTINTORES - SUBSOLO 04 + SUBSOLO 05','VB',1.0,3052.8415,249),('86b9fcc2-fd6c-52a1-ae50-2946a4a71800','d068b384-84e7-5bce-80fa-c738c19c0391','15.1.2','INSTALAÇÕES EXTINTORES - SUBSOLO 03','VB',1.0,2442.2732,250),('a8613419-25a7-5a65-a1c8-4acc0a80088f','d068b384-84e7-5bce-80fa-c738c19c0391','15.1.3','INSTALAÇÕES EXTINTORES - SUBSOLO 02','VB',1.0,2442.2732,251),('ee1d6ce6-fb90-5902-a634-96c5700950ed','d068b384-84e7-5bce-80fa-c738c19c0391','15.1.4','INSTALAÇÕES EXTINTORES - SUBSOLO 01','VB',1.0,2442.2732,252),('9080eaa1-f553-5a23-a56b-cd3bb74e2095','d068b384-84e7-5bce-80fa-c738c19c0391','15.1.5','INSTALAÇÕES EXTINTORES - TERREO','VB',1.0,3663.4098,253),('b5584a2e-8b03-56d4-a4a6-02fe5a4a80cb','d068b384-84e7-5bce-80fa-c738c19c0391','15.1.6','INSTALAÇÕES EXTINTORES - SOBRESOLO 01','VB',1.0,3052.8415,254),('a02c980f-99da-5bd3-84c4-4ca604127cb7','d068b384-84e7-5bce-80fa-c738c19c0391','15.1.7','INSTALAÇÕES EXTINTORES - SOBRESOLO 02','VB',1.0,2442.2732,255),('1b926dd4-273c-5b90-9e15-e4a9b9e4d966','d068b384-84e7-5bce-80fa-c738c19c0391','15.1.8','INSTALAÇÕES EXTINTORES - SOBRESOLO 03','VB',1.0,2442.2732,256),('20ac9f3a-917b-5471-a443-d14e0e7a84b8','d068b384-84e7-5bce-80fa-c738c19c0391','15.1.9','INSTALAÇÕES EXTINTORES - LAZER','VB',1.0,2260.8,257),('d33f85c9-92ea-5ca0-8701-fb3ffb90f749','d068b384-84e7-5bce-80fa-c738c19c0391','15.1.10','INSTALAÇÕES EXTINTORES - PANORAMICO','VB',1.0,1831.7049,258),('cd974d48-aaed-5fb4-90ce-a2c816ae2bac','d068b384-84e7-5bce-80fa-c738c19c0391','15.1.11','INSTALAÇÕES EXTINTORES - PAV TIPO ( 1° AO 36 )','VB',36.0,853.0525,259),('e25ab43f-765e-58a2-94c2-2115ef2e12ca','d068b384-84e7-5bce-80fa-c738c19c0391','15.1.12','INSTALAÇÕES EXTINTORES- PAV COBERTURA','VB',1.0,1221.1366,260),('a4552ed5-8311-53ac-86e6-b3013a631c72','d068b384-84e7-5bce-80fa-c738c19c0391','15.1.13','INSTALAÇÕES EXTINTORES- PAV ROOFTOP + MEZANINO ROOFTOP','VB',1.0,1831.7049,261),('36cbdb70-b489-5b97-8d51-71c696360b3c','d068b384-84e7-5bce-80fa-c738c19c0391','15.1.14','INSTALAÇÕES EXTINTORES - PAV CASA DE MAQUINAS','VB',1.0,1221.1366,262),('767bdf45-869f-5c07-881f-ba0acd23dced','d068b384-84e7-5bce-80fa-c738c19c0391','15.1.15','INSTALAÇÕES EXTINTORES - HELIPONTO','VB',1.0,28880.09,263),('fd9c19af-5509-5695-a0c7-4450826b1a5f','70760d7b-1c73-559a-a0f4-4b9d215a8dc5','16.1.1','INFRA SDAI - SUBSOLO 04','VB',1.0,11216.0167,264),('36cb7abf-fd89-5df7-9706-1d1b9efed6ab','70760d7b-1c73-559a-a0f4-4b9d215a8dc5','16.1.2','INFRA SDAI - SUBSOLO 03','VB',1.0,9613.7286,265),('05555ec9-35e4-53c7-8b32-0b0414998cdc','70760d7b-1c73-559a-a0f4-4b9d215a8dc5','16.1.3','INFRA SDAI - SUBSOLO 02','VB',1.0,9613.7286,266),('0964c963-218a-5b01-9495-d518a733572f','70760d7b-1c73-559a-a0f4-4b9d215a8dc5','16.1.4','INFRA SDAI - SUBSOLO 01','VB',1.0,9613.7286,267),('647cd623-ce98-5645-9d12-e487db85ecc6','70760d7b-1c73-559a-a0f4-4b9d215a8dc5','16.1.5','INFRA SDAI - TERREO','VB',1.0,16022.881,268),('9d9b7ab7-2577-59a0-94b7-c6e9d51e43c6','70760d7b-1c73-559a-a0f4-4b9d215a8dc5','16.1.6','INFRA SDAI - SOBRESOLO 01','VB',1.0,8011.4405,269),('a9941482-997e-5d3d-9902-8f79bd4f0678','70760d7b-1c73-559a-a0f4-4b9d215a8dc5','16.1.7','INFRA SDAI - SOBRESOLO 02','VB',1.0,4806.8643,270),('901a4560-a053-5b55-9e52-53e4da879108','70760d7b-1c73-559a-a0f4-4b9d215a8dc5','16.1.8','INFRA SDAI - SOBRESOLO 03','VB',1.0,4806.8643,271),('4f9f975b-daec-5ad3-a021-cb2497b8ee64','70760d7b-1c73-559a-a0f4-4b9d215a8dc5','16.1.9','INFRA SDAI - LAZER','VB',1.0,4806.8643,272),('d9c47e6d-a46a-52f3-9b44-951efa532673','70760d7b-1c73-559a-a0f4-4b9d215a8dc5','16.1.10','INFRA SDAI - PANORAMICO','VB',1.0,4806.8643,273),('31fe926e-83b1-595f-87ef-f9602543e5ba','70760d7b-1c73-559a-a0f4-4b9d215a8dc5','16.1.11','INFRA SDAI - PAV TIPO ( 1° AO 36 )','VB',36.0,1098.2991,274),('d1134c75-df55-5c16-8226-0aa244299690','70760d7b-1c73-559a-a0f4-4b9d215a8dc5','16.1.12','INFRA  SDAI - PAV COBERTURA','VB',1.0,2396.5982,275),('ba53c1fd-1a28-5412-93c4-3a9cf34b1194','70760d7b-1c73-559a-a0f4-4b9d215a8dc5','16.1.13','INFRA SDAI - PAV ROOFTOP + MEZANINO ROOFTOP','VB',1.0,3594.8973,276),('c5527f66-f73e-537a-b8c0-3505a36b3391','70760d7b-1c73-559a-a0f4-4b9d215a8dc5','16.1.14','INFRA SDAI - PAV CASA DE MAQUINAS','VB',1.0,2931.5982,277),('67692ce9-8b71-5a31-bd98-6327f1ea8049','70760d7b-1c73-559a-a0f4-4b9d215a8dc5','16.1.15','INFRA SDAI - INFRA VERTICAL ( DIVIDIDO POR VÃOS )','VB',48.0,166.905,278),('a634a995-94f9-59f3-8a4e-5db991a99fca','4c66b511-ae0e-557a-bbb2-2f94617e5b82','16.2.1','CABEAMENTO SDAI - SUBSOLO 04','VB',1.0,3640.3314,279),('224f3f82-2acc-558d-8990-54a2ac515c75','4c66b511-ae0e-557a-bbb2-2f94617e5b82','16.2.2','CABEAMENTO SDAI - SUBSOLO 03','VB',1.0,3640.3314,280),('0834a9e8-a71e-5e23-b94d-d56dc86e0dd8','4c66b511-ae0e-557a-bbb2-2f94617e5b82','16.2.3','CABEAMENTO SDAI - SUBSOLO 02','VB',1.0,4247.0533,281),('a194f156-8e7c-565e-837a-35fe4325a44b','4c66b511-ae0e-557a-bbb2-2f94617e5b82','16.2.4','CABEAMENTO SDAI - SUBSOLO 01','VB',1.0,4247.0533,282),('5c009284-3906-5aef-a9d9-f3a6af7963b0','4c66b511-ae0e-557a-bbb2-2f94617e5b82','16.2.5','CABEAMENTO SDAI - TERREO','VB',1.0,6188.5634,283),('bacb9b36-192d-55ab-b17a-73ac7c11c8aa','4c66b511-ae0e-557a-bbb2-2f94617e5b82','16.2.6','CABEAMENTO SDAI - SOBRESOLO 01','VB',1.0,3640.3314,284),('15272427-99d0-558f-b80e-45d8c7eb754b','4c66b511-ae0e-557a-bbb2-2f94617e5b82','16.2.7','CABEAMENTO SDAI - SOBRESOLO 02','VB',1.0,1820.1657,285),('90e69873-43a4-5d42-a552-771e92bb487a','4c66b511-ae0e-557a-bbb2-2f94617e5b82','16.2.8','CABEAMENTO SDAI - SOBRESOLO 03','VB',1.0,1820.1657,286),('cfae1911-2cd9-5353-af83-0d8afb1b8ead','4c66b511-ae0e-557a-bbb2-2f94617e5b82','16.2.9','CABEAMENTO SDAI - LAZER','VB',1.0,1820.1657,287),('4c239c7b-b4b2-505d-a532-284d8a90fe71','4c66b511-ae0e-557a-bbb2-2f94617e5b82','16.2.10','CABEAMENTO SDAI - PANORAMICO','VB',1.0,1820.1657,288),('02879a85-a3ea-5fd9-bfc9-ddcb72e68662','4c66b511-ae0e-557a-bbb2-2f94617e5b82','16.2.11','CABEAMENTO SDAI - PAV TIPO ( 1° AO 36 )','VB',36.0,364.4914,289),('e2b46b0d-81d3-5c9a-a42b-93f108810f11','4c66b511-ae0e-557a-bbb2-2f94617e5b82','16.2.12','CABEAMENTO  SDAI - PAV COBERTURA','VB',1.0,606.7219,290),('2dbab32b-561d-5655-a100-13b451fd4bba','4c66b511-ae0e-557a-bbb2-2f94617e5b82','16.2.13','CABEAMENTO SDAI - PAV ROOFTOP + MEZANINO ROOFTOP','VB',1.0,1820.1657,291),('1d65d9f6-4d2e-5e2d-b530-8bb33ee37264','4c66b511-ae0e-557a-bbb2-2f94617e5b82','16.2.14','CABEAMENTO SDAI - PAV CASA DE MAQUINAS','VB',1.0,1213.4438,292),('0f347014-3c75-5af4-a510-4919fdc6efcc','4c66b511-ae0e-557a-bbb2-2f94617e5b82','16.2.15','CABEAMENTO SDAI - INFRA VERTICAL ( DIVIDIDO POR VÃOS )','VB',48.0,139.0404,293),('a634a995-94f9-59f3-8a4e-5db991a99fca','1fa30abc-e855-50e4-801e-7ed0f3a2cd4a','16.2.1','EQUIPAMENTOS SDAI - SUBSOLO 04','VB',1.0,16532.9296,294),('224f3f82-2acc-558d-8990-54a2ac515c75','1fa30abc-e855-50e4-801e-7ed0f3a2cd4a','16.2.2','EQUIPAMENTOS SDAI - SUBSOLO 03','VB',1.0,12399.6972,295),('0834a9e8-a71e-5e23-b94d-d56dc86e0dd8','1fa30abc-e855-50e4-801e-7ed0f3a2cd4a','16.2.3','EQUIPAMENTOS SDAI - SUBSOLO 02','VB',1.0,12399.6972,296),('a194f156-8e7c-565e-837a-35fe4325a44b','1fa30abc-e855-50e4-801e-7ed0f3a2cd4a','16.2.4','EQUIPAMENTOS SDAI - SUBSOLO 01','VB',1.0,12399.6972,297),('5c009284-3906-5aef-a9d9-f3a6af7963b0','1fa30abc-e855-50e4-801e-7ed0f3a2cd4a','16.2.5','EQUIPAMENTOS SDAI - TERREO','VB',1.0,20666.162,298),('bacb9b36-192d-55ab-b17a-73ac7c11c8aa','1fa30abc-e855-50e4-801e-7ed0f3a2cd4a','16.2.6','EQUIPAMENTOS SDAI - SOBRESOLO 01','VB',1.0,16532.9296,299),('15272427-99d0-558f-b80e-45d8c7eb754b','1fa30abc-e855-50e4-801e-7ed0f3a2cd4a','16.2.7','EQUIPAMENTOS SDAI - SOBRESOLO 02','VB',1.0,6199.8486,300),('90e69873-43a4-5d42-a552-771e92bb487a','1fa30abc-e855-50e4-801e-7ed0f3a2cd4a','16.2.8','EQUIPAMENTOS SDAI - SOBRESOLO 03','VB',1.0,6199.8486,301),('cfae1911-2cd9-5353-af83-0d8afb1b8ead','1fa30abc-e855-50e4-801e-7ed0f3a2cd4a','16.2.9','EQUIPAMENTOS SDAI - LAZER','VB',1.0,6199.8486,302),('4c239c7b-b4b2-505d-a532-284d8a90fe71','1fa30abc-e855-50e4-801e-7ed0f3a2cd4a','16.2.10','EQUIPAMENTOS SDAI - PANORAMICO','VB',1.0,6199.8486,303),('02879a85-a3ea-5fd9-bfc9-ddcb72e68662','1fa30abc-e855-50e4-801e-7ed0f3a2cd4a','16.2.11','EQUIPAMENTOS SDAI - PAV TIPO ( 1° AO 36 )','VB',36.0,2066.6162,304),('e2b46b0d-81d3-5c9a-a42b-93f108810f11','1fa30abc-e855-50e4-801e-7ed0f3a2cd4a','16.2.12','EQUIPAMENTOS  SDAI - PAV COBERTURA','VB',1.0,4133.2324,305),('2dbab32b-561d-5655-a100-13b451fd4bba','1fa30abc-e855-50e4-801e-7ed0f3a2cd4a','16.2.13','EQUIPAMENTOS SDAI - PAV ROOFTOP + MEZANINO ROOFTOP','VB',1.0,8266.4648,306),('1d65d9f6-4d2e-5e2d-b530-8bb33ee37264','1fa30abc-e855-50e4-801e-7ed0f3a2cd4a','16.2.14','EQUIPAMENTOS SDAI - PAV CASA DE MAQUINAS','VB',1.0,4133.2324,307),('81a02953-88f6-5b65-bc14-f51fb1006119','93dea67e-befa-5059-b365-3c4febfa7dbc','17.1.1','TUBOS E CONEXÕES - GÁS - INFRA VERTICAL ( DIVIDIDO POR VÃOS ENTRE PAVIMENTOS )','VB',48.0,1160.8898,308),('57d797d6-58ed-570c-a1c3-2a391be495c1','93dea67e-befa-5059-b365-3c4febfa7dbc','17.1.2','TUBOS E CONEXÕES - GÁS - TERREO','VB',1.0,31967.024,309),('2331b7b1-0998-5a71-83b4-cdd316254223','93dea67e-befa-5059-b365-3c4febfa7dbc','17.1.3','TUBOS E CONEXÕES - GÁS - LAZER','VB',1.0,6992.7865,310),('aa4a67f1-0c26-5309-98ae-d6a69bb854e1','93dea67e-befa-5059-b365-3c4febfa7dbc','17.1.4','TUBOS E CONEXÕES - GÁS - PANORAMICO','VB',1.0,3995.878,311),('c658a9a0-de69-53fc-8544-0b66a78a4f91','93dea67e-befa-5059-b365-3c4febfa7dbc','17.1.5','TUBOS E CONEXÕES - GÁS - PAV TIPO ( 1° AO 36 )','VB',36.0,1497.939,312),('c6858079-912a-584f-b763-cc8d7d3016ad','93dea67e-befa-5059-b365-3c4febfa7dbc','17.1.6','TUBOS E CONEXÕES  - GÁS - PAV COBERTURA','VB',1.0,6491.756,313),('7726411f-6923-5a79-8bef-fe73cf44ca33','93dea67e-befa-5059-b365-3c4febfa7dbc','17.1.7','TUBOS E CONEXÕES - GÁS - PAV ROOFTOP + MEZANINO ROOFTOP','VB',1.0,1997.939,314),('81a02953-88f6-5b65-bc14-f51fb1006119','93dea67e-befa-5059-b365-3c4febfa7dbc','17.1.1','EQUIPAMENTOS GÁS - LAZER','VB',1.0,2893.459,315),('57d797d6-58ed-570c-a1c3-2a391be495c1','93dea67e-befa-5059-b365-3c4febfa7dbc','17.1.2','EQUIPAMENTOS GÁS - PANORAMICO','VB',1.0,2893.459,316),('2331b7b1-0998-5a71-83b4-cdd316254223','93dea67e-befa-5059-b365-3c4febfa7dbc','17.1.3','EQUIPAMENTOS GÁS - PAV TIPO ( 1° AO 36 )','VB',36.0,2266.8238,317),('aa4a67f1-0c26-5309-98ae-d6a69bb854e1','93dea67e-befa-5059-b365-3c4febfa7dbc','17.1.4','EQUIPAMENTOS  GÁS - PAV COBERTURA','VB',1.0,4186.918,318),('c658a9a0-de69-53fc-8544-0b66a78a4f91','93dea67e-befa-5059-b365-3c4febfa7dbc','17.1.5','EQUIPAMENTOS GÁS - PAV ROOFTOP + MEZANINO ROOFTOP','VB',1.0,2893.459,319),('70bd30c5-ab1a-59f0-b7ab-7812bc9aa34d','141e3325-4189-5a52-8232-efac10938eed','18.1.1','ATERRAMENTO  - SPDA -  SUBSOLO 4','VB',1.0,19753.3665,320),('cfcf234b-695e-54fb-aa78-f3f7db4ba5b8','141e3325-4189-5a52-8232-efac10938eed','18.1.2','ANEL INTERMEDIARIO  - SPDA -  LAZER','VB',1.0,31041.0045,321),('639ced64-e121-5b66-9c25-6805ddece024','141e3325-4189-5a52-8232-efac10938eed','18.1.3','ANEL INTERMEDIARIO  - SPDA -  2° PAV','VB',1.0,19753.3665,322),('8217b54f-1066-5e99-acc5-1a287c674793','141e3325-4189-5a52-8232-efac10938eed','18.1.4','ANEL INTERMEDIARIO  - SPDA -  6° PAV','VB',1.0,19753.3665,323),('2fc60632-e1bb-56c5-9e3f-8307eaca6738','141e3325-4189-5a52-8232-efac10938eed','18.1.5','ANEL INTERMEDIARIO  - SPDA -  10° PAV','VB',1.0,19753.3665,324),('a2014000-989e-5d0f-9e40-d9b2fc76ece3','141e3325-4189-5a52-8232-efac10938eed','18.1.6','ANEL INTERMEDIARIO  - SPDA -  14° PAV','VB',1.0,19753.3665,325),('d57196ba-6a4b-54a5-8c38-4fe44043e03b','141e3325-4189-5a52-8232-efac10938eed','18.1.7','ANEL INTERMEDIARIO  - SPDA -  18° PAV','VB',1.0,19753.3665,326),('9196c76b-2d94-5437-a5c8-f89ea7f86a5d','141e3325-4189-5a52-8232-efac10938eed','18.1.8','ANEL INTERMEDIARIO  - SPDA -  22° PAV','VB',1.0,19753.3665,327),('250561f4-6146-5a77-80c4-f78bef2d6b03','141e3325-4189-5a52-8232-efac10938eed','18.1.9','ANEL INTERMEDIARIO  - SPDA -  26° PAV','VB',1.0,19753.3665,328),('582a749c-316a-5f47-b394-daff32c64abf','141e3325-4189-5a52-8232-efac10938eed','18.1.10','ANEL INTERMEDIARIO  - SPDA -  30° PAV','VB',1.0,19753.3665,329),('fc8de969-80e1-5612-b760-0f405066e8ef','141e3325-4189-5a52-8232-efac10938eed','18.1.11','ANEL INTERMEDIARIO  - SPDA -  34° PAV','VB',1.0,19753.3665,330),('e5a76e7e-f742-5b68-9ea3-ffba00e15033','141e3325-4189-5a52-8232-efac10938eed','18.1.12','ANEL INTERMEDIARIO  - SPDA -  COBERTURA','VB',1.0,19753.3665,331),('998c639f-237a-5c3b-9b67-a0f3c5871fe2','141e3325-4189-5a52-8232-efac10938eed','18.1.13','ANEL COBERTA - SPDA -  HELIPONTO','VB',1.0,33862.914,332),('20cbf9b9-4a2e-5fb8-9e38-e56552e03b44','141e3325-4189-5a52-8232-efac10938eed','18.1.14','SUBIDAS VERTICAIS ( DIVIDIDA POR VÃOS )','VB',48.0,1119.4565,333),('bc10005b-ccae-5a0b-9028-1fb1860a1f1f','2f830ba5-d731-558a-bfe2-17d4dbccfacb','19.1.1','ADMINISTRAÇÃO OBRA ( MÊS )','VB',17.0,38000.0,334),('7691f277-5ae0-56cc-bd4d-c4607666a4f0','2f830ba5-d731-558a-bfe2-17d4dbccfacb','19.1.2','FECHAMENTOS PASSAGENS VERTICAIS EM SHAFTS','VB',1.0,220000.0,335);

COMMIT;