entrada;tipo;numero_nf;documento;macro_item_informakon;grupo_fip_wave;valor_descontado;valor_a_descontar;valor_total_nf;medicoes
156445/001;NF-e;529462;NF-e 529462;ELÉTRICA SUBESTAÇÃO;1;15472.40;0.00;15472.40;med3=14737.93;med4=734.47
158024/001;NFS-e;705;NFS-e 705;ELÉTRICA SUBESTAÇÃO;1;12500.00;0.00;12500.00;med4=12500.00
157045/001;NF-e;206;NF-e 206;ELÉTRICA SUBESTAÇÃO;1;9007.04;0.00;9007.04;med3=9007.04
154859/001;NF-e;198;NF-e 198;ELÉTRICA SUBESTAÇÃO;1;5261.84;0.00;5261.84;med1=5261.84
156870/001;NF-e;105888;NF-e 105888;GERAÇÃO;2;21582.39;0.00;21582.39;med3=4901.97;med4=16680.42
154859/002;NF-e;198;NF-e 198;GERAÇÃO;2;19367.62;0.00;19367.62;med1=19367.62
156652/001;NF-e;51945;NF-e 51945;GERAÇÃO;2;2270.26;0.00;2270.26;med3=2270.26
156703/001;NF-e;531790;NF-e 531790;GERAÇÃO;2;1930.48;0.00;1930.48;med3=1930.48
157045/002;NF-e;206;NF-e 206;GERAÇÃO;2;1572.89;0.00;1572.89;med3=1572.89
156445/002;NF-e;529462;NF-e 529462;GERAÇÃO;2;1501.96;0.00;1501.96;med3=1501.96
157009/001;NF-e;53146;NF-e 53146;GERAÇÃO;2;450.00;0.00;450.00;med3=450.00
155889/001;NF-e;104790;NF-e 104790;ALIMENTAÇÃO ELÉTRICA;3;0.00;101351.02;101351.02;
155645/001;NF-e;115581;NF-e 115581;ALIMENTAÇÃO ELÉTRICA;3;35609.16;0.00;35609.16;med4=35609.16
157431/001;NF-e;105242;NF-e 105242;ALIMENTAÇÃO ELÉTRICA;3;0.00;31196.17;31196.17;
158237/001;NF-e;56964;NF-e 56964;ALIMENTAÇÃO ELÉTRICA;3;28625.30;0.00;28625.30;med4=28625.30
154950/001;NF-e;4128;NF-e 4128;ALIMENTAÇÃO ELÉTRICA;3;21223.28;0.00;21223.28;med3=21223.28
155199/001;NF-e;103972;NF-e 103972;ALIMENTAÇÃO ELÉTRICA;3;12608.81;0.00;12608.81;med3=12608.81
156444/001;NF-e;902880;NF-e 902880;ALIMENTAÇÃO ELÉTRICA;3;12301.04;0.00;12301.04;med3=12301.04
157343/001;NF-e;4552;NF-e 4552;ALIMENTAÇÃO ELÉTRICA;3;662.33;9337.67;10000.00;med4=662.33
156652/002;NF-e;51945;NF-e 51945;ALIMENTAÇÃO ELÉTRICA;3;9944.74;0.00;9944.74;med3=9944.74
153488/001;NF-e;144224;NF-e 144224;ALIMENTAÇÃO ELÉTRICA;3;8688.85;0.00;8688.85;med3=8688.85
153498/001;NF-e;1115;NF-e 1115;ALIMENTAÇÃO ELÉTRICA;3;6162.73;0.00;6162.73;med2=5155.52;med3=1007.21
157045/003;NF-e;206;NF-e 206;ALIMENTAÇÃO ELÉTRICA;3;5575.67;0.00;5575.67;med3=5575.67
156569/001;NF-e;248202;NF-e 248202;ALIMENTAÇÃO ELÉTRICA;3;4714.85;0.00;4714.85;med4=4714.85
155801/001;NF-e;201;NF-e 201;ALIMENTAÇÃO ELÉTRICA;3;3533.32;0.00;3533.32;med3=3533.32
156446/001;NF-e;529966;NF-e 529966;ALIMENTAÇÃO ELÉTRICA;3;2468.97;0.00;2468.97;med3=1025.63;med4=1443.34
154097/001;NF-e;521745;NF-e 521745;DISTRIBUIÇÃO ELÉTRICA;4;0.00;16760.91;16760.91;
154908/001;NF-e;524975;NF-e 524975;DISTRIBUIÇÃO ELÉTRICA;4;0.00;15667.82;15667.82;
154724/001;NF-e;46691;NF-e 46691;DISTRIBUIÇÃO ELÉTRICA;4;13610.40;0.00;13610.40;med3=11556.22;med4=2054.18
157343/002;NF-e;4552;NF-e 4552;DISTRIBUIÇÃO ELÉTRICA;4;11076.80;0.00;11076.80;med4=11076.80
158112/001;NF-e;537926;NF-e 537926;DISTRIBUIÇÃO ELÉTRICA;4;8955.88;515.37;9471.25;med4=8955.88
156442/001;NF-e;528789;NF-e 528789;DISTRIBUIÇÃO ELÉTRICA;4;5624.50;0.00;5624.50;med4=5624.50
153457/001;NF-e;8403;NF-e 8403;DISTRIBUIÇÃO ELÉTRICA;4;4297.77;832.23;5130.00;med1=1591.77;med2=2706.00
158110/001;NF-e;56570;NF-e 56570;DISTRIBUIÇÃO ELÉTRICA;4;0.00;3292.00;3292.00;
157045/004;NF-e;206;NF-e 206;DISTRIBUIÇÃO ELÉTRICA;4;2368.78;0.00;2368.78;med3=2368.78
157502/001;NF-e;1168917;NF-e 1168917;DISTRIBUIÇÃO ELÉTRICA;4;2187.17;0.00;2187.17;med4=2187.17
156576/001;NF-e;51854;NF-e 51854;DISTRIBUIÇÃO ELÉTRICA;4;0.00;1211.00;1211.00;
157501/001;NF-e;241621;NF-e 241621;DISTRIBUIÇÃO ELÉTRICA;4;39.77;68.21;107.98;med4=39.77
157897/001;NF-e;506;NF-e 506;QUADROS ELÉTRICOS;6;13193.12;35559.78;48752.90;med4=13193.12
154097/002;NF-e;521745;NF-e 521745;LÓGICA (DADOS E VOZ) - INFRA SECA;7;16182.58;578.32;16760.90;med3=16182.58
155888/001;NF-e;236881;NF-e 236881;LÓGICA (DADOS E VOZ) - INFRA SECA;7;0.00;13680.00;13680.00;
158298/001;NF-e;213117;NF-e 213117;LÓGICA (DADOS E VOZ) - INFRA SECA;7;0.00;12650.70;12650.70;
154908/002;NF-e;524975;NF-e 524975;LÓGICA (DADOS E VOZ) - INFRA SECA;7;9014.03;0.00;9014.03;med4=9014.03
157984/001;NF-e;56583;NF-e 56583;LÓGICA (DADOS E VOZ) - INFRA SECA;7;8088.00;0.00;8088.00;med4=8088.00
153611/001;NF-e;345013;NF-e 345013;LÓGICA (DADOS E VOZ) - INFRA SECA;7;0.00;5195.02;5195.02;
157985/001;NF-e;1170350;NF-e 1170350;LÓGICA (DADOS E VOZ) - INFRA SECA;7;4461.22;569.18;5030.40;med4=4461.22
158299/001;NF-e;250513;NF-e 250513;LÓGICA (DADOS E VOZ) - INFRA SECA;7;0.00;3697.00;3697.00;
158282/001;NF-e;362193;NF-e 362193;LÓGICA (DADOS E VOZ) - INFRA SECA;7;0.00;2730.30;2730.30;
157045/005;NF-e;206;NF-e 206;LÓGICA (DADOS E VOZ) - INFRA SECA;7;2283.46;0.00;2283.46;med3=2283.46
153498/002;NF-e;1115;NF-e 1115;LÓGICA (DADOS E VOZ) - INFRA SECA;7;1060.07;0.00;1060.07;med1=1060.07
156574/001;NF-e;237635;NF-e 237635;ÁGUA PLUVIAL;8;0.00;91345.32;91345.32;
154086/001;NF-e;233482;NF-e 233482;ÁGUA PLUVIAL;8;55232.06;26659.08;81891.14;med1=21243.23;med2=1249.50;med3=5907.79;med4=26831.54
156451/001;NF-e;237358;NF-e 237358;ÁGUA PLUVIAL;8;0.00;62597.09;62597.09;
156452/001;NF-e;237336;NF-e 237336;ÁGUA PLUVIAL;8;0.00;52158.77;52158.77;
156549/001;NF-e;237634;NF-e 237634;ÁGUA PLUVIAL;8;0.00;43898.83;43898.83;
155645/002;NF-e;115581;NF-e 115581;ÁGUA PLUVIAL;8;0.00;25000.00;25000.00;
154955/001;NF-e;235394;NF-e 235394;ÁGUA PLUVIAL;8;0.00;20000.00;20000.00;
156664/001;NF-e;9698;NF-e 9698;ÁGUA PLUVIAL;8;0.00;15000.00;15000.00;
158016/001;NFS-e;550;NFS-e 550;ÁGUA PLUVIAL;8;0.00;12560.00;12560.00;
156914/001;NF-e;3049;NF-e 3049;ÁGUA PLUVIAL;8;0.00;4953.71;4953.71;
157101/001;NF-e;1682004;NF-e 1682004;ÁGUA PLUVIAL;8;0.00;4514.00;4514.00;
156660/001;NF-e;3040;NF-e 3040;ÁGUA PLUVIAL;8;0.00;4481.25;4481.25;
155099/001;NF-e;129977;NF-e 129977;ÁGUA PLUVIAL;8;0.00;3147.02;3147.02;
156657/001;NF-e;237831;NF-e 237831;ÁGUA PLUVIAL;8;0.00;2351.42;2351.42;
154859/003;NF-e;198;NF-e 198;ÁGUA PLUVIAL;8;1561.87;0.00;1561.87;med1=1561.87
155801/002;NF-e;201;NF-e 201;ÁGUA PLUVIAL;8;0.00;1249.50;1249.50;
156451/002;NF-e;237358;NF-e 237358;ESGOTO;9;0.00;62597.08;62597.08;
156452/002;NF-e;237336;NF-e 237336;ESGOTO;9;0.00;52158.76;52158.76;
156549/002;NF-e;237634;NF-e 237634;ESGOTO;9;0.00;43898.82;43898.82;
154087/001;NF-e;233483;NF-e 233483;ESGOTO;9;6816.48;36305.92;43122.40;med3=6816.48
154955/002;NF-e;235394;NF-e 235394;ESGOTO;9;0.00;38857.72;38857.72;
153451/001;NF-e;232900;NF-e 232900;ESGOTO;9;32699.15;2384.98;35084.13;med1=26159.32;med2=6539.83
155646/001;NF-e;948;NF-e 948;ESGOTO;9;0.00;28688.40;28688.40;
155645/003;NF-e;115581;NF-e 115581;ESGOTO;9;24242.07;757.93;25000.00;med4=24242.07
156574/002;NF-e;237635;NF-e 237635;ESGOTO;9;0.00;23249.58;23249.58;
158030/001;NFS-e;75;NFS-e 75;ESGOTO;9;0.00;15840.00;15840.00;
156664/002;NF-e;9698;NF-e 9698;ESGOTO;9;0.00;15000.00;15000.00;
157503/001;NF-e;239311;NF-e 239311;ESGOTO;9;0.00;8095.75;8095.75;
157508/001;NF-e;239175;NF-e 239175;ESGOTO;9;0.00;7396.59;7396.59;
157222/001;NF-e;249237;NF-e 249237;ESGOTO;9;0.00;6832.00;6832.00;
158111/001;NF-e;1698965;NF-e 1698965;ESGOTO;9;0.00;5305.60;5305.60;
156660/002;NF-e;3040;NF-e 3040;ESGOTO;9;0.00;4481.25;4481.25;
156914/002;NF-e;3049;NF-e 3049;ESGOTO;9;0.00;4060.49;4060.49;
155883/001;NF-e;236847;NF-e 236847;ESGOTO;9;0.00;3749.53;3749.53;
154086/002;NF-e;233482;NF-e 233482;ESGOTO;9;0.00;2851.32;2851.32;
155801/003;NF-e;201;NF-e 201;ESGOTO;9;0.00;435.99;435.99;
155881/001;NF-e;236846;NF-e 236846;ESGOTO;9;0.00;426.26;426.26;
157684/001;NF-e;200699;NF-e 200699;HIDRÁULICA;10;0.00;190283.69;190283.69;
154220/001;NF-e;234177;NF-e 234177;HIDRÁULICA;10;80005.22;81793.60;161798.82;med2=28253.70;med4=51751.52
157686/001;NF-e;200700;NF-e 200700;HIDRÁULICA;10;0.00;156645.07;156645.07;
156831/001;NF-e;5095873;NF-e 5095873;HIDRÁULICA;10;0.00;50984.73;50984.73;
156830/001;NF-e;5097120;NF-e 5097120;HIDRÁULICA;10;0.00;43529.50;43529.50;
157960/001;NF-e;130624;NF-e 130624;HIDRÁULICA;10;0.00;19867.00;19867.00;
156664/003;NF-e;9698;NF-e 9698;HIDRÁULICA;10;0.00;13310.00;13310.00;
156653/001;NF-e;237898;NF-e 237898;HIDRÁULICA;10;0.00;13252.84;13252.84;
156826/001;NF-e;130360;NF-e 130360;HIDRÁULICA;10;0.00;10783.00;10783.00;
155645/004;NF-e;115581;NF-e 115581;HIDRÁULICA;10;0.00;8293.71;8293.71;
156548/001;NF-e;115811;NF-e 115811;HIDRÁULICA;10;0.00;7229.04;7229.04;
154082/001;NF-e;234176;NF-e 234176;HIDRÁULICA;10;4895.82;2002.60;6898.42;med3=4895.82
156660/003;NF-e;3040;NF-e 3040;HIDRÁULICA;10;0.00;4481.25;4481.25;
155801/004;NF-e;201;NF-e 201;HIDRÁULICA;10;0.00;4253.31;4253.31;
156553/001;NF-e;90877;NF-e 90877;HIDRÁULICA;10;0.00;2500.00;2500.00;
156914/003;NF-e;3049;NF-e 3049;HIDRÁULICA;10;0.00;2437.05;2437.05;
158040/001;NF-e;2591;NF-e 2591;HIDRÁULICA;10;0.00;2141.64;2141.64;
157027/001;NF-e;238634;NF-e 238634;PISCINA E SPA;12;0.00;23643.60;23643.60;
156602/001;NF-e;118418;NF-e 118418;LOUÇAS E METAIS;13;0.00;6610.06;6610.06;
156998/001;NF-e;122308;NF-e 122308;LOUÇAS E METAIS;13;0.00;1670.74;1670.74;
156913/001;NF-e;63042;NF-e 63042;LOUÇAS E METAIS;13;0.00;938.39;938.39;
156997/001;NF-e;26920;NF-e 26920;LOUÇAS E METAIS;13;0.00;876.61;876.61;
156603/001;NF-e;60944;NF-e 60944;LOUÇAS E METAIS;13;0.00;383.88;383.88;
157276/001;NF-e;64321;NF-e 64321;LOUÇAS E METAIS;13;0.00;259.59;259.59;
157297/001;NF-e;333;NF-e 333;LOUÇAS E METAIS;13;0.00;50.95;50.95;
156995/001;NF-e;10018;NF-e 10018;LOUÇAS E METAIS;13;0.00;15.43;15.43;
155563/001;NF-e;26891;NF-e 26891;COMBATE AO INCÊNDIO;14;56841.77;236776.46;293618.23;med4=56841.77
155765/001;NF-e;2442603;NF-e 2442603;COMBATE AO INCÊNDIO;14;0.00;82467.27;82467.27;
156704/001;NF-e;2454173;NF-e 2454173;COMBATE AO INCÊNDIO;14;0.00;22955.20;22955.20;
156496/001;NF-e;1343972;NF-e 1343972;COMBATE AO INCÊNDIO;14;0.00;21207.18;21207.18;
156498/001;NF-e;1343971;NF-e 1343971;COMBATE AO INCÊNDIO;14;0.00;15034.40;15034.40;
158204/001;NF-e;5545;NF-e 5545;COMBATE AO INCÊNDIO;14;0.00;13198.09;13198.09;
157045/006;NF-e;206;NF-e 206;COMBATE AO INCÊNDIO;14;12026.82;0.00;12026.82;med3=12026.82
157976/001;NF-e;2475010;NF-e 2475010;COMBATE AO INCÊNDIO;14;0.00;11962.08;11962.08;
155558/001;NF-e;2439690;NF-e 2439690;COMBATE AO INCÊNDIO;14;1443.22;8554.82;9998.04;med3=1443.22
157220/001;NF-e;1167874;NF-e 1167874;COMBATE AO INCÊNDIO;14;0.00;9020.55;9020.55;
157007/001;NF-e;5399;NF-e 5399;COMBATE AO INCÊNDIO;14;0.00;5618.77;5618.77;
156566/001;NF-e;27392;NF-e 27392;COMBATE AO INCÊNDIO;14;0.00;5330.07;5330.07;
157712/001;NF-e;66410;NF-e 66410;COMBATE AO INCÊNDIO;14;0.00;4260.00;4260.00;
156658/001;NF-e;248511;NF-e 248511;COMBATE AO INCÊNDIO;14;0.00;3165.10;3165.10;
157731/001;NF-e;2472615;NF-e 2472615;COMBATE AO INCÊNDIO;14;0.00;3127.20;3127.20;
158113/001;NF-e;5532;NF-e 5532;COMBATE AO INCÊNDIO;14;0.00;2259.91;2259.91;
156359/001;NF-e;209312;NF-e 209312;COMBATE AO INCÊNDIO;14;0.00;1988.52;1988.52;
156661/001;NF-e;1348085;NF-e 1348085;COMBATE AO INCÊNDIO;14;0.00;1620.36;1620.36;
157504/001;NF-e;535108;NF-e 535108;COMBATE AO INCÊNDIO;14;0.00;1166.26;1166.26;
157103/001;NF-e;2461510;NF-e 2461510;COMBATE AO INCÊNDIO;14;0.00;808.42;808.42;
157981/001;NF-e;537106;NF-e 537106;COMBATE AO INCÊNDIO;14;0.00;436.49;436.49;
157220/002;NF-e;1167874;NF-e 1167874;SISTEMA DE DETECÇÃO E ALARME DE INCÊNDIO (SDAI);16;0.00;45679.33;45679.33;
155252/001;NF-e;1160772;NF-e 1160772;SISTEMA DE DETECÇÃO E ALARME DE INCÊNDIO (SDAI);16;8774.56;4968.29;13742.85;med3=1794.90;med4=6979.66
155253/001;NF-e;236429;NF-e 236429;SISTEMA DE DETECÇÃO E ALARME DE INCÊNDIO (SDAI);16;0.00;109.35;109.35;
156555/001;NF-e;196648;NF-e 196648;GÁS;17;0.00;35768.55;35768.55;
156554/001;NF-e;196669;NF-e 196669;GÁS;17;22833.30;7478.69;30311.99;med3=20925.33;med4=1907.97
154725/001;NF-e;235130;NF-e 235130;GÁS;17;0.00;5932.09;5932.09;
153496/001;NF-e;44178;NF-e 44178;SISTEMA DE PROTEÇÃO CONTRA DESCARGA ATMOSFÉRICA;18;22751.72;0.00;22751.72;med1=9304.22;med2=3693.55;med3=527.66;med4=9226.29
153487/001;NF-e;519631;NF-e 519631;SISTEMA DE PROTEÇÃO CONTRA DESCARGA ATMOSFÉRICA;18;14922.69;0.00;14922.69;med1=14922.69
154859/004;NF-e;198;NF-e 198;SISTEMA DE PROTEÇÃO CONTRA DESCARGA ATMOSFÉRICA;18;9713.84;0.00;9713.84;med1=9713.84
157045/007;NF-e;206;NF-e 206;SISTEMA DE PROTEÇÃO CONTRA DESCARGA ATMOSFÉRICA;18;8729.42;0.00;8729.42;med3=8729.42
156974/001;NF-e;6150;NF-e 6150;SISTEMA DE PROTEÇÃO CONTRA DESCARGA ATMOSFÉRICA;18;5167.67;3265.48;8433.15;med4=5167.67
154783/001;NFS-e;2139;NFS-e 2139;SISTEMA DE PROTEÇÃO CONTRA DESCARGA ATMOSFÉRICA;18;6449.30;0.00;6449.30;med1=6449.30
154782/001;NF-e;297553;NF-e 297553;SISTEMA DE PROTEÇÃO CONTRA DESCARGA ATMOSFÉRICA;18;5847.64;0.00;5847.64;med1=5847.64
153753/001;NFS-e;81;NFS-e 81;ADMINISTRAÇÃO OBRA;19.1.1;16000.00;0.00;16000.00;med1=16000.00
154579/001;NFS-e;83;NFS-e 83;ADMINISTRAÇÃO OBRA;19.1.1;16000.00;0.00;16000.00;med1=16000.00
155566/001;NFS-e;85;NFS-e 85;ADMINISTRAÇÃO OBRA;19.1.1;16000.00;0.00;16000.00;med2=16000.00
157040/001;NFS-e;87;NFS-e 87;ADMINISTRAÇÃO OBRA;19.1.1;16000.00;0.00;16000.00;med4=16000.00
158097/001;NFS-e;90;NFS-e 90;ADMINISTRAÇÃO OBRA;19.1.1;16000.00;0.00;16000.00;med4=16000.00
153751/001;NFS-e;87;NFS-e 87;ADMINISTRAÇÃO OBRA;19.1.1;13500.00;0.00;13500.00;med1=13500.00
154577/001;NFS-e;88;NFS-e 88;ADMINISTRAÇÃO OBRA;19.1.1;13500.00;0.00;13500.00;med1=13500.00
155564/001;NFS-e;90;NFS-e 90;ADMINISTRAÇÃO OBRA;19.1.1;13500.00;0.00;13500.00;med2=13500.00
157037/001;NFS-e;91;NFS-e 91;ADMINISTRAÇÃO OBRA;19.1.1;13500.00;0.00;13500.00;med4=13500.00
158101/001;NFS-e;93;NFS-e 93;ADMINISTRAÇÃO OBRA;19.1.1;13500.00;0.00;13500.00;med4=13500.00
155649/001;NF-e;2114;NF-e 2114;ADMINISTRAÇÃO OBRA;19.1.1;11934.70;0.00;11934.70;med2=11934.70
153755/001;NFS-e;2;NFS-e 2;ADMINISTRAÇÃO OBRA;19.1.1;8500.00;0.00;8500.00;med1=8500.00
154581/001;NFS-e;3;NFS-e 3;ADMINISTRAÇÃO OBRA;19.1.1;8500.00;0.00;8500.00;med1=8500.00
155568/001;NFS-e;4;NFS-e 4;ADMINISTRAÇÃO OBRA;19.1.1;8500.00;0.00;8500.00;med2=8500.00
157039/001;NFS-e;5;NFS-e 5;ADMINISTRAÇÃO OBRA;19.1.1;8500.00;0.00;8500.00;med4=8500.00
158100/001;NFS-e;6;NFS-e 6;ADMINISTRAÇÃO OBRA;19.1.1;8500.00;0.00;8500.00;med4=8500.00
156283/001;NF-e;2144;NF-e 2144;ADMINISTRAÇÃO OBRA;19.1.1;0.00;6384.90;6384.90;
154780/001;NF-e;115309;NF-e 115309;FECHAMENTOS PASSAGENS VERTICAIS EM SHAFTS;19.1.2;0.00;139960.49;139960.49;
156471/001;NF-e;115812;NF-e 115812;FECHAMENTOS PASSAGENS VERTICAIS EM SHAFTS;19.1.2;0.00;12739.41;12739.41;
153996/001;NF-e;896743;NF-e 896743;FECHAMENTOS PASSAGENS VERTICAIS EM SHAFTS;19.1.2;0.00;12249.23;12249.23;
155560/001;NF-e;208930;NF-e 208930;FECHAMENTOS PASSAGENS VERTICAIS EM SHAFTS;19.1.2;0.00;7804.70;7804.70;
155098/001;NF-e;4413;NF-e 4413;FECHAMENTOS PASSAGENS VERTICAIS EM SHAFTS;19.1.2;0.00;7450.50;7450.50;
154768/001;NF-e;349255;NF-e 349255;FECHAMENTOS PASSAGENS VERTICAIS EM SHAFTS;19.1.2;0.00;5694.95;5694.95;
155202/001;NF-e;54613;NF-e 54613;FECHAMENTOS PASSAGENS VERTICAIS EM SHAFTS;19.1.2;0.00;4936.29;4936.29;
155619/001;NF-e;104132;NF-e 104132;FECHAMENTOS PASSAGENS VERTICAIS EM SHAFTS;19.1.2;0.00;4334.07;4334.07;
154663/001;NF-e;246277;NF-e 246277;FECHAMENTOS PASSAGENS VERTICAIS EM SHAFTS;19.1.2;0.00;3764.00;3764.00;
156833/001;NF-e;1318;NF-e 1318;FECHAMENTOS PASSAGENS VERTICAIS EM SHAFTS;19.1.2;0.00;3444.53;3444.53;
154767/001;NF-e;1236;NF-e 1236;FECHAMENTOS PASSAGENS VERTICAIS EM SHAFTS;19.1.2;0.00;3316.00;3316.00;
154735/001;NF-e;246647;NF-e 246647;FECHAMENTOS PASSAGENS VERTICAIS EM SHAFTS;19.1.2;0.00;3188.10;3188.10;
155648/001;NF-e;288062;NF-e 288062;FECHAMENTOS PASSAGENS VERTICAIS EM SHAFTS;19.1.2;0.00;3184.75;3184.75;
153997/001;NF-e;16977;NF-e 16977;FECHAMENTOS PASSAGENS VERTICAIS EM SHAFTS;19.1.2;0.00;3086.71;3086.71;
155667/001;NFS-e;2185;NFS-e 2185;FECHAMENTOS PASSAGENS VERTICAIS EM SHAFTS;19.1.2;0.00;2963.68;2963.68;
156974/002;NF-e;6150;NF-e 6150;FECHAMENTOS PASSAGENS VERTICAIS EM SHAFTS;19.1.2;0.00;966.85;966.85;
156565/001;NF-e;288203;NF-e 288203;FECHAMENTOS PASSAGENS VERTICAIS EM SHAFTS;19.1.2;0.00;669.51;669.51;
